Station ID,Year,Month,Day of Month,Day of Year,Day of Week,Season,Holiday,Daily Weather,Daily Weather (Past),Humidity,Humidity (Past),Windspeed,Windspeed (Past),Apparent Temperature (Avg),Apparent Temperature (Avg) (Past),Rented Bikes,Rented Bikes (Future)
827,2018,2,5,36,1,Winter,False,partly-cloudy-day,partly-cloudy-day,0.8,0.79,4.39,5.27,33.17,33.0,1,11
827,2018,2,12,43,1,Winter,False,partly-cloudy-day,partly-cloudy-day,0.74,0.74,3.95,7.26,36.875,33.135000000000005,11,3
827,2018,2,13,44,2,Winter,False,rain,partly-cloudy-day,0.86,0.74,5.1,3.95,35.75,36.875,3,8
827,2018,2,14,45,3,Winter,False,rain,rain,0.89,0.86,5.58,5.1,37.585,35.75,8,13
827,2018,2,15,46,4,Winter,False,partly-cloudy-night,rain,0.78,0.89,4.51,5.58,39.72,37.585,13,16
827,2018,2,16,47,5,Winter,False,clear-day,partly-cloudy-night,0.75,0.78,1.92,4.51,41.39,39.72,16,15
827,2018,2,17,48,6,Winter,False,partly-cloudy-night,clear-day,0.78,0.75,1.26,1.92,43.12,41.39,15,11
827,2018,2,18,49,7,Winter,False,partly-cloudy-day,partly-cloudy-night,0.84,0.78,2.19,1.26,47.015,43.12,11,14
827,2018,2,19,50,1,Winter,False,fog,partly-cloudy-day,0.93,0.84,2.06,2.19,48.05,47.015,14,7
827,2018,2,20,51,2,Winter,False,partly-cloudy-day,fog,0.86,0.93,5.42,2.06,40.55,48.05,7,10
827,2018,2,21,52,3,Winter,False,partly-cloudy-night,partly-cloudy-day,0.83,0.86,2.76,5.42,37.705,40.55,10,13
827,2018,2,22,53,4,Winter,False,partly-cloudy-day,partly-cloudy-night,0.73,0.83,4.45,2.76,34.49,37.705,13,14
827,2018,2,23,54,5,Winter,False,partly-cloudy-day,partly-cloudy-day,0.74,0.73,4.08,4.45,31.855,34.49,14,8
827,2018,2,24,55,6,Winter,False,partly-cloudy-night,partly-cloudy-day,0.69,0.74,5.02,4.08,32.025,31.855,8,5
827,2018,2,25,56,7,Winter,False,partly-cloudy-night,partly-cloudy-night,0.64,0.69,5.28,5.02,29.55,32.025,5,8
827,2018,2,26,57,1,Winter,False,partly-cloudy-day,partly-cloudy-night,0.67,0.64,5.76,5.28,25.055,29.55,8,7
827,2018,2,27,58,2,Winter,False,partly-cloudy-night,partly-cloudy-day,0.77,0.67,2.97,5.76,26.045,25.055,7,4
827,2018,2,28,59,3,Winter,False,partly-cloudy-night,partly-cloudy-night,0.77,0.77,4.77,2.97,19.145,26.045,4,6
827,2018,3,1,60,4,Spring,False,partly-cloudy-day,partly-cloudy-night,0.78,0.77,8.19,4.77,22.505000000000003,19.145,6,4
827,2018,3,2,61,5,Spring,False,fog,partly-cloudy-day,0.84,0.78,7.52,8.19,24.89,22.505000000000003,4,3
827,2018,3,3,62,6,Spring,False,fog,fog,0.92,0.84,4.6,7.52,33.6,24.89,3,6
827,2018,3,4,63,7,Spring,False,fog,fog,0.91,0.92,2.74,4.6,42.45,33.6,6,13
827,2018,3,5,64,1,Spring,False,partly-cloudy-day,fog,0.87,0.91,3.46,2.74,43.91,42.45,13,12
827,2018,3,6,65,2,Spring,False,partly-cloudy-day,partly-cloudy-day,0.81,0.87,2.66,3.46,44.385000000000005,43.91,12,9
827,2018,3,7,66,3,Spring,False,partly-cloudy-day,partly-cloudy-day,0.82,0.81,2.46,2.66,42.46,44.385000000000005,9,16
827,2018,3,8,67,4,Spring,False,rain,partly-cloudy-day,0.74,0.82,5.59,2.46,40.754999999999995,42.46,16,15
827,2018,3,9,68,5,Spring,False,rain,rain,0.88,0.74,2.22,5.59,46.635000000000005,40.754999999999995,15,12
827,2018,3,10,69,6,Spring,False,partly-cloudy-day,rain,0.89,0.88,4.29,2.22,49.95,46.635000000000005,12,8
827,2018,3,11,70,7,Spring,False,fog,partly-cloudy-day,0.91,0.89,2.3,4.29,49.015,49.95,8,16
827,2018,3,12,71,1,Spring,False,partly-cloudy-day,fog,0.91,0.91,1.75,2.3,45.09,49.015,16,19
827,2018,3,13,72,2,Spring,False,partly-cloudy-day,partly-cloudy-day,0.81,0.91,2.09,1.75,44.395,45.09,19,13
827,2018,3,14,73,3,Spring,False,partly-cloudy-night,partly-cloudy-day,0.75,0.81,5.38,2.09,49.09,44.395,13,15
827,2018,3,15,74,4,Spring,False,rain,partly-cloudy-night,0.86,0.75,3.83,5.38,49.245000000000005,49.09,15,19
827,2018,3,16,75,5,Spring,False,partly-cloudy-day,rain,0.79,0.86,2.55,3.83,40.75,49.245000000000005,19,6
827,2018,3,17,76,6,Spring,False,partly-cloudy-day,partly-cloudy-day,0.86,0.79,7.75,2.55,24.245,40.75,6,3
827,2018,3,18,77,7,Spring,False,partly-cloudy-day,partly-cloudy-day,0.81,0.86,7.64,7.75,25.59,24.245,3,12
827,2018,3,19,78,1,Spring,False,partly-cloudy-day,partly-cloudy-day,0.67,0.81,7.07,7.64,29.725,25.59,12,16
827,2018,3,20,79,2,Spring,False,partly-cloudy-day,partly-cloudy-day,0.71,0.67,4.64,7.07,37.66,29.725,16,16
827,2018,3,21,80,3,Spring,False,partly-cloudy-night,partly-cloudy-day,0.69,0.71,2.88,4.64,45.085,37.66,16,14
827,2018,3,22,81,4,Spring,False,partly-cloudy-day,partly-cloudy-night,0.73,0.69,4.43,2.88,45.085,45.085,14,12
827,2018,3,23,82,5,Spring,False,partly-cloudy-day,partly-cloudy-day,0.73,0.73,5.29,4.43,48.620000000000005,45.085,12,8
827,2018,3,24,83,6,Spring,False,partly-cloudy-day,partly-cloudy-day,0.88,0.73,1.43,5.29,46.515,48.620000000000005,8,11
827,2018,3,25,84,7,Spring,False,partly-cloudy-day,partly-cloudy-day,0.79,0.88,1.5,1.43,46.66,46.515,11,15
827,2018,3,26,85,1,Spring,False,partly-cloudy-day,partly-cloudy-day,0.64,0.79,2.71,1.5,45.989999999999995,46.66,15,25
827,2018,3,27,86,2,Spring,False,rain,partly-cloudy-day,0.8,0.64,2.41,2.71,50.065,45.989999999999995,25,14
827,2018,3,28,87,3,Spring,False,rain,rain,0.86,0.8,1.9,2.41,39.425,50.065,14,19
827,2018,3,29,88,4,Spring,False,rain,rain,0.87,0.86,3.25,1.9,42.065,39.425,19,6
827,2018,3,30,89,5,Spring,True,rain,rain,0.91,0.87,2.6,3.25,40.125,42.065,6,3
827,2018,3,31,90,6,Spring,False,partly-cloudy-day,rain,0.86,0.91,1.86,2.6,41.695,40.125,3,7
827,2018,4,1,91,7,Spring,False,rain,partly-cloudy-day,0.79,0.86,1.63,1.86,41.89,41.695,7,7
827,2018,4,2,92,1,Spring,True,rain,rain,0.91,0.79,4.17,1.63,49.925,41.89,7,16
827,2018,4,3,93,2,Spring,False,partly-cloudy-day,rain,0.85,0.91,5.61,4.17,50.535,49.925,16,24
827,2018,4,4,94,3,Spring,False,partly-cloudy-day,partly-cloudy-day,0.83,0.85,5.68,5.61,45.225,50.535,24,21
827,2018,4,5,95,4,Spring,False,partly-cloudy-night,partly-cloudy-day,0.64,0.83,2.44,5.68,47.095,45.225,21,24
827,2018,4,6,96,5,Spring,False,clear-day,partly-cloudy-night,0.69,0.64,4.58,2.44,54.22,47.095,24,20
827,2018,4,7,97,6,Spring,False,partly-cloudy-day,clear-day,0.78,0.69,3.02,4.58,55.7,54.22,20,6
827,2018,4,8,98,7,Spring,False,partly-cloudy-day,partly-cloudy-day,0.91,0.78,0.6,3.02,49.815,55.7,6,19
827,2018,4,9,99,1,Spring,False,rain,partly-cloudy-day,0.94,0.91,2.69,0.6,47.61,49.815,19,30
827,2018,4,10,100,2,Spring,False,fog,rain,0.91,0.94,2.84,2.69,50.80500000000001,47.61,30,12
827,2018,4,11,101,3,Spring,False,rain,fog,0.92,0.91,2.87,2.84,47.05,50.80500000000001,12,20
827,2018,4,12,102,4,Spring,False,fog,rain,0.93,0.92,3.69,2.87,46.86,47.05,20,24
827,2018,4,13,103,5,Spring,False,partly-cloudy-day,fog,0.88,0.93,1.32,3.69,49.56,46.86,24,23
827,2018,4,14,104,6,Spring,False,fog,partly-cloudy-day,0.76,0.88,1.52,1.32,56.635,49.56,23,19
827,2018,4,15,105,7,Spring,False,fog,fog,0.84,0.76,3.03,1.52,52.78,56.635,19,26
827,2018,4,16,106,1,Spring,False,partly-cloudy-day,fog,0.71,0.84,5,3.03,53.465,52.78,26,29
827,2018,4,17,107,2,Spring,False,partly-cloudy-day,partly-cloudy-day,0.65,0.71,6.58,5,58.875,53.465,29,31
827,2018,4,18,108,3,Spring,False,clear-day,partly-cloudy-day,0.65,0.65,3.12,6.58,63.675,58.875,31,44
827,2018,4,19,109,4,Spring,False,clear-day,clear-day,0.57,0.65,1.06,3.12,68.235,63.675,44,37
827,2018,4,20,110,5,Spring,False,clear-day,clear-day,0.64,0.57,1.11,1.06,64.68,68.235,37,35
827,2018,4,21,111,6,Spring,False,rain,clear-day,0.71,0.64,1.96,1.11,64.125,64.68,35,22
827,2018,4,22,112,7,Spring,False,partly-cloudy-day,rain,0.72,0.71,3.23,1.96,60.084999999999994,64.125,22,37
827,2018,4,23,113,1,Spring,False,partly-cloudy-day,partly-cloudy-day,0.71,0.72,4.68,3.23,56.7,60.084999999999994,37,32
827,2018,4,24,114,2,Spring,False,partly-cloudy-night,partly-cloudy-day,0.78,0.71,5.74,4.68,54.16,56.7,32,18
827,2018,4,25,115,3,Spring,False,partly-cloudy-day,partly-cloudy-night,0.74,0.78,5.95,5.74,49.985,54.16,18,27
827,2018,4,26,116,4,Spring,False,partly-cloudy-day,partly-cloudy-day,0.7,0.74,4.78,5.95,51.96,49.985,27,16
827,2018,4,27,117,5,Spring,False,partly-cloudy-day,partly-cloudy-day,0.88,0.7,1.75,4.78,49.650000000000006,51.96,16,19
827,2018,4,28,118,6,Spring,False,partly-cloudy-day,partly-cloudy-day,0.92,0.88,2.63,1.75,45.605000000000004,49.650000000000006,19,12
827,2018,4,29,119,7,Spring,False,cloudy,partly-cloudy-day,0.88,0.92,5.21,2.63,39.5,45.605000000000004,12,14
827,2018,4,30,120,1,Spring,False,partly-cloudy-day,cloudy,0.79,0.88,6.9,5.21,41.18,39.5,14,26
827,2018,5,1,121,2,Spring,False,partly-cloudy-day,partly-cloudy-day,0.68,0.79,3.69,6.9,51.459999999999994,41.18,26,19
827,2018,5,2,122,3,Spring,False,rain,partly-cloudy-day,0.81,0.68,4.04,3.69,46.81,51.459999999999994,19,33
827,2018,5,3,123,4,Spring,False,partly-cloudy-day,rain,0.7,0.81,1.51,4.04,55.445,46.81,33,40
827,2018,5,4,124,5,Spring,False,partly-cloudy-day,partly-cloudy-day,0.65,0.7,0.47,1.51,55.955,55.445,40,18
827,2018,5,5,125,6,Spring,False,clear-day,partly-cloudy-day,0.59,0.65,1.69,0.47,58.31,55.955,18,26
827,2018,5,6,126,7,Spring,False,clear-day,clear-day,0.6,0.59,1.43,1.69,62.835,58.31,26,27
827,2018,5,7,127,1,Spring,True,clear-day,clear-day,0.58,0.6,1.32,1.43,65.85499999999999,62.835,27,31
827,2018,5,8,128,2,Spring,False,partly-cloudy-night,clear-day,0.65,0.58,2.04,1.32,63.03,65.85499999999999,31,34
827,2018,5,9,129,3,Spring,False,partly-cloudy-night,partly-cloudy-night,0.67,0.65,2.2,2.04,58.769999999999996,63.03,34,35
827,2018,5,10,130,4,Spring,False,partly-cloudy-day,partly-cloudy-night,0.64,0.67,2.94,2.2,53.215,58.769999999999996,35,39
827,2018,5,11,131,5,Spring,False,partly-cloudy-day,partly-cloudy-day,0.65,0.64,3.46,2.94,57.14,53.215,39,18
827,2018,5,12,132,6,Spring,False,rain,partly-cloudy-day,0.83,0.65,0.78,3.46,53.19,57.14,18,20
827,2018,5,13,133,7,Spring,False,partly-cloudy-day,rain,0.74,0.83,1.22,0.78,55.295,53.19,20,40
827,2018,5,14,134,1,Spring,False,clear-day,partly-cloudy-day,0.59,0.74,4.65,1.22,58.435,55.295,40,43
827,2018,5,15,135,2,Spring,False,clear-day,clear-day,0.59,0.59,3.84,4.65,62.815,58.435,43,33
827,2018,5,16,136,3,Spring,False,partly-cloudy-day,clear-day,0.71,0.59,5.68,3.84,50.31,62.815,33,41
827,2018,5,17,137,4,Spring,False,partly-cloudy-day,partly-cloudy-day,0.67,0.71,4.21,5.68,51.805,50.31,41,39
827,2018,5,18,138,5,Spring,False,partly-cloudy-day,partly-cloudy-day,0.67,0.67,1.56,4.21,53.510000000000005,51.805,39,20
827,2018,5,19,139,6,Spring,False,clear-day,partly-cloudy-day,0.67,0.67,2.51,1.56,57.545,53.510000000000005,20,23
827,2018,5,20,140,7,Spring,False,partly-cloudy-day,clear-day,0.73,0.67,5.2,2.51,57.42,57.545,23,43
827,2018,5,21,141,1,Spring,False,partly-cloudy-night,partly-cloudy-day,0.69,0.73,5.11,5.2,62.215,57.42,43,43
827,2018,5,22,142,2,Spring,False,partly-cloudy-night,partly-cloudy-night,0.66,0.69,9.27,5.11,61.67,62.215,43,35
827,2018,5,23,143,3,Spring,False,partly-cloudy-day,partly-cloudy-night,0.74,0.66,10.8,9.27,58.53999999999999,61.67,35,23
827,2018,5,24,144,4,Spring,False,partly-cloudy-day,partly-cloudy-day,0.83,0.74,5.21,10.8,61.1,58.53999999999999,23,36
827,2018,5,25,145,5,Spring,False,partly-cloudy-day,partly-cloudy-day,0.84,0.83,2.6,5.21,62.145,61.1,36,20
827,2018,5,26,146,6,Spring,False,wind,partly-cloudy-day,0.77,0.84,10.53,2.6,68.265,62.145,20,19
827,2018,5,27,147,7,Spring,False,partly-cloudy-day,wind,0.75,0.77,3.53,10.53,69.3,68.265,19,23
827,2018,5,28,148,1,Spring,True,fog,partly-cloudy-day,0.8,0.75,3.85,3.53,67.22,69.3,23,21
827,2018,5,29,149,2,Spring,False,partly-cloudy-day,fog,0.9,0.8,9.13,3.85,59.004999999999995,67.22,21,27
827,2018,5,30,150,3,Spring,False,fog,partly-cloudy-day,0.89,0.9,3.55,9.13,63.59,59.004999999999995,27,30
827,2018,5,31,151,4,Spring,False,fog,fog,0.88,0.89,5.16,3.55,66.475,63.59,30,39
827,2018,6,1,152,5,Summer,False,fog,fog,0.81,0.88,5.15,5.16,66.445,66.475,39,33
827,2018,6,2,153,6,Summer,False,partly-cloudy-day,fog,0.73,0.81,7.71,5.15,64.75999999999999,66.445,33,29
827,2018,6,3,154,7,Summer,False,partly-cloudy-day,partly-cloudy-day,0.68,0.73,0.7,7.71,68.03,64.75999999999999,29,46
827,2018,6,4,155,1,Summer,False,partly-cloudy-day,partly-cloudy-day,0.84,0.68,7.48,0.7,59.425,68.03,46,35
827,2018,6,5,156,2,Summer,False,partly-cloudy-day,partly-cloudy-day,0.78,0.84,9.24,7.48,54.57,59.425,35,52
827,2018,6,6,157,3,Summer,False,partly-cloudy-day,partly-cloudy-day,0.7,0.78,8.11,9.24,63.305,54.57,52,29
827,2018,6,7,158,4,Summer,False,partly-cloudy-day,partly-cloudy-day,0.73,0.7,7.05,8.11,62.86,63.305,29,40
827,2018,6,8,159,5,Summer,False,partly-cloudy-day,partly-cloudy-day,0.69,0.73,6.38,7.05,63.165,62.86,40,35
827,2018,6,9,160,6,Summer,False,partly-cloudy-day,partly-cloudy-day,0.75,0.69,6.43,6.38,64.095,63.165,35,25
827,2018,6,10,161,7,Summer,False,partly-cloudy-day,partly-cloudy-day,0.76,0.75,6.85,6.43,62.06,64.095,25,46
827,2018,6,11,162,1,Summer,False,partly-cloudy-day,partly-cloudy-day,0.65,0.76,7.79,6.85,64.785,62.06,46,42
827,2018,6,12,163,2,Summer,False,partly-cloudy-day,partly-cloudy-day,0.74,0.65,7.05,7.79,56.34,64.785,42,43
827,2018,6,13,164,3,Summer,False,partly-cloudy-day,partly-cloudy-day,0.65,0.74,6,7.05,64.48,56.34,43,36
827,2018,6,14,165,4,Summer,False,wind,partly-cloudy-day,0.68,0.65,10.89,6,63.195,64.48,36,40
827,2018,6,15,166,5,Summer,False,partly-cloudy-night,wind,0.58,0.68,6.31,10.89,64.315,63.195,40,37
827,2018,6,16,167,6,Summer,False,partly-cloudy-day,partly-cloudy-night,0.65,0.58,9.91,6.31,61.245000000000005,64.315,37,21
827,2018,6,17,168,7,Summer,False,partly-cloudy-day,partly-cloudy-day,0.74,0.65,11.45,9.91,61.965,61.245000000000005,21,44
827,2018,6,18,169,1,Summer,False,wind,partly-cloudy-day,0.72,0.74,12.47,11.45,69.655,61.965,44,43
827,2018,6,19,170,2,Summer,False,partly-cloudy-day,wind,0.71,0.72,10.55,12.47,67.42999999999999,69.655,43,45
827,2018,6,20,171,3,Summer,False,partly-cloudy-day,partly-cloudy-day,0.79,0.71,9.23,10.55,64.16499999999999,67.42999999999999,45,23
827,2018,6,21,172,4,Summer,False,partly-cloudy-day,partly-cloudy-day,0.49,0.79,9.74,9.23,56.395,64.16499999999999,23,21
827,2018,6,22,173,5,Summer,False,clear-day,partly-cloudy-day,0.55,0.49,4.72,9.74,61.725,56.395,21,29
827,2018,6,23,174,6,Summer,False,cloudy,clear-day,0.53,0.55,5.35,4.72,64.395,61.725,29,29
827,2018,6,24,175,7,Summer,False,partly-cloudy-day,cloudy,0.51,0.53,2.63,5.35,65.36,64.395,29,42
827,2018,6,25,176,1,Summer,False,clear-day,partly-cloudy-day,0.5,0.51,0.75,2.63,69.465,65.36,42,53
827,2018,6,26,177,2,Summer,False,partly-cloudy-night,clear-day,0.57,0.5,5.72,0.75,67.715,69.465,53,43
827,2018,6,27,178,3,Summer,False,partly-cloudy-day,partly-cloudy-night,0.63,0.57,8.89,5.72,66.47,67.715,43,42
827,2018,6,28,179,4,Summer,False,partly-cloudy-day,partly-cloudy-day,0.69,0.63,8.81,8.89,67.86,66.47,42,42
827,2018,6,29,180,5,Summer,False,partly-cloudy-day,partly-cloudy-day,0.62,0.69,9.59,8.81,68.74,67.86,42,37
827,2018,6,30,181,6,Summer,False,partly-cloudy-day,partly-cloudy-day,0.58,0.62,9.95,9.59,69.73,68.74,37,15
827,2018,7,1,182,7,Summer,False,partly-cloudy-night,partly-cloudy-day,0.51,0.58,8.14,9.95,74.225,69.73,15,52
827,2018,7,2,183,1,Summer,False,clear-day,partly-cloudy-night,0.41,0.51,10.85,8.14,70.53,74.225,52,50
827,2018,7,3,184,2,Summer,False,partly-cloudy-night,clear-day,0.49,0.41,11.71,10.85,67.15,70.53,50,47
827,2018,7,4,185,3,Summer,False,partly-cloudy-day,partly-cloudy-night,0.64,0.49,4.17,11.71,69.795,67.15,47,47
827,2018,7,5,186,4,Summer,False,partly-cloudy-day,partly-cloudy-day,0.6,0.64,2.89,4.17,72.0,69.795,47,52
827,2018,7,6,187,5,Summer,False,partly-cloudy-day,partly-cloudy-day,0.58,0.6,3.59,2.89,73.785,72.0,52,37
827,2018,7,7,188,6,Summer,False,clear-day,partly-cloudy-day,0.55,0.58,4.18,3.59,74.36,73.785,37,28
827,2018,7,8,189,7,Summer,False,partly-cloudy-day,clear-day,0.53,0.55,4.51,4.18,73.33500000000001,74.36,28,44
827,2018,7,9,190,1,Summer,False,partly-cloudy-night,partly-cloudy-day,0.58,0.53,3.08,4.51,70.67,73.33500000000001,44,51
827,2018,7,10,191,2,Summer,False,partly-cloudy-day,partly-cloudy-night,0.63,0.58,7.54,3.08,63.68,70.67,51,56
827,2018,7,11,192,3,Summer,False,partly-cloudy-day,partly-cloudy-day,0.69,0.63,6.36,7.54,64.15,63.68,56,47
827,2018,7,12,193,4,Summer,False,partly-cloudy-day,partly-cloudy-day,0.69,0.69,4.41,6.36,68.37,64.15,47,52
827,2018,7,13,194,5,Summer,False,partly-cloudy-day,partly-cloudy-day,0.67,0.69,4.44,4.41,67.775,68.37,52,31
827,2018,7,14,195,6,Summer,False,partly-cloudy-day,partly-cloudy-day,0.61,0.67,4.11,4.44,69.5,67.775,31,43
827,2018,7,15,196,7,Summer,False,clear-day,partly-cloudy-day,0.51,0.61,4.19,4.11,72.05000000000001,69.5,43,55
827,2018,7,16,197,1,Summer,False,clear-day,clear-day,0.48,0.51,5.68,4.19,70.03999999999999,72.05000000000001,55,57
827,2018,7,17,198,2,Summer,False,partly-cloudy-day,clear-day,0.59,0.48,10,5.68,66.98,70.03999999999999,57,48
827,2018,7,18,199,3,Summer,False,partly-cloudy-night,partly-cloudy-day,0.58,0.59,4.76,10,66.065,66.98,48,55
827,2018,7,19,200,4,Summer,False,partly-cloudy-day,partly-cloudy-night,0.54,0.58,4.26,4.76,72.565,66.065,55,46
827,2018,7,20,201,5,Summer,False,partly-cloudy-day,partly-cloudy-day,0.58,0.54,5.08,4.26,68.38499999999999,72.565,46,28
827,2018,7,21,202,6,Summer,False,partly-cloudy-day,partly-cloudy-day,0.63,0.58,3.46,5.08,70.61,68.38499999999999,28,37
827,2018,7,22,203,7,Summer,False,partly-cloudy-day,partly-cloudy-day,0.58,0.63,5.18,3.46,73.05,70.61,37,49
827,2018,7,23,204,1,Summer,False,partly-cloudy-day,partly-cloudy-day,0.53,0.58,6.27,5.18,75.355,73.05,49,54
827,2018,7,24,205,2,Summer,False,partly-cloudy-night,partly-cloudy-day,0.62,0.53,6.89,6.27,73.7,75.355,54,57
827,2018,7,25,206,3,Summer,False,partly-cloudy-day,partly-cloudy-night,0.57,0.62,1.87,6.89,76.295,73.7,57,55
827,2018,7,26,207,4,Summer,False,partly-cloudy-night,partly-cloudy-day,0.56,0.57,5.99,1.87,80.49000000000001,76.295,55,48
827,2018,7,27,208,5,Summer,False,partly-cloudy-day,partly-cloudy-night,0.62,0.56,5.11,5.99,74.83,80.49000000000001,48,39
827,2018,7,28,209,6,Summer,False,wind,partly-cloudy-day,0.63,0.62,14.9,5.11,66.77,74.83,39,15
827,2018,7,29,210,7,Summer,False,wind,wind,0.83,0.63,13.22,14.9,66.41,66.77,15,49
827,2018,7,30,211,1,Summer,False,wind,wind,0.75,0.83,10.66,13.22,67.2,66.41,49,59
827,2018,7,31,212,2,Summer,False,partly-cloudy-day,wind,0.65,0.75,7.95,10.66,65.44,67.2,59,57
827,2018,8,1,213,3,Summer,False,partly-cloudy-day,partly-cloudy-day,0.62,0.65,6.67,7.95,68.05,65.44,57,54
827,2018,8,2,214,4,Summer,False,partly-cloudy-day,partly-cloudy-day,0.62,0.62,5.2,6.67,74.26499999999999,68.05,54,57
827,2018,8,3,215,5,Summer,False,partly-cloudy-day,partly-cloudy-day,0.61,0.62,2.83,5.2,78.015,74.26499999999999,57,35
827,2018,8,4,216,6,Summer,False,partly-cloudy-day,partly-cloudy-day,0.6,0.61,6.51,2.83,71.655,78.015,35,24
827,2018,8,5,217,7,Summer,False,partly-cloudy-day,partly-cloudy-day,0.63,0.6,4.51,6.51,72.175,71.655,24,50
827,2018,8,6,218,1,Summer,False,partly-cloudy-night,partly-cloudy-day,0.54,0.63,3.1,4.51,75.25999999999999,72.175,50,53
827,2018,8,7,219,2,Summer,False,partly-cloudy-night,partly-cloudy-night,0.57,0.54,5.75,3.1,73.03999999999999,75.25999999999999,53,57
827,2018,8,8,220,3,Summer,False,partly-cloudy-day,partly-cloudy-night,0.58,0.57,10.34,5.75,67.08,73.03999999999999,57,29
827,2018,8,9,221,4,Summer,False,partly-cloudy-day,partly-cloudy-day,0.84,0.58,3.46,10.34,56.3,67.08,29,40
827,2018,8,10,222,5,Summer,False,partly-cloudy-day,partly-cloudy-day,0.78,0.84,7.2,3.46,55.83,56.3,40,38
827,2018,8,11,223,6,Summer,False,partly-cloudy-night,partly-cloudy-day,0.72,0.78,5.92,7.2,66.02000000000001,55.83,38,26
827,2018,8,12,224,7,Summer,False,partly-cloudy-day,partly-cloudy-night,0.76,0.72,8.57,5.92,65.67,66.02000000000001,26,48
827,2018,8,13,225,1,Summer,False,partly-cloudy-day,partly-cloudy-day,0.77,0.76,6.34,8.57,65.01,65.67,48,55
827,2018,8,14,226,2,Summer,False,partly-cloudy-day,partly-cloudy-day,0.68,0.77,8.89,6.34,68.27,65.01,55,51
827,2018,8,15,227,3,Summer,False,partly-cloudy-day,partly-cloudy-day,0.71,0.68,10.7,8.89,69.765,68.27,51,37
827,2018,8,16,228,4,Summer,False,partly-cloudy-day,partly-cloudy-day,0.79,0.71,9.69,10.7,59.08,69.765,37,42
827,2018,8,17,229,5,Summer,False,partly-cloudy-day,partly-cloudy-day,0.67,0.79,7.88,9.69,65.72,59.08,42,42
827,2018,8,18,230,6,Summer,False,partly-cloudy-day,partly-cloudy-day,0.72,0.67,9.75,7.88,67.89,65.72,42,28
827,2018,8,19,231,7,Summer,False,partly-cloudy-day,partly-cloudy-day,0.74,0.72,10.62,9.75,71.545,67.89,28,42
827,2018,8,20,232,1,Summer,False,partly-cloudy-day,partly-cloudy-day,0.73,0.74,6.61,10.62,70.975,71.545,42,57
827,2018,8,21,233,2,Summer,False,partly-cloudy-day,partly-cloudy-day,0.71,0.73,6.18,6.61,68.69999999999999,70.975,57,47
827,2018,8,22,234,3,Summer,False,partly-cloudy-day,partly-cloudy-day,0.8,0.71,7.52,6.18,69.62,68.69999999999999,47,41
827,2018,8,23,235,4,Summer,False,partly-cloudy-day,partly-cloudy-day,0.74,0.8,8.74,7.52,60.525000000000006,69.62,41,34
827,2018,8,24,236,5,Summer,False,wind,partly-cloudy-day,0.68,0.74,12,8.74,54.105000000000004,60.525000000000006,34,39
827,2018,8,25,237,6,Summer,False,partly-cloudy-day,wind,0.71,0.68,7.89,12,57.74,54.105000000000004,39,14
827,2018,8,26,238,7,Summer,False,partly-cloudy-day,partly-cloudy-day,0.85,0.71,8.1,7.89,60.30500000000001,57.74,14,26
827,2018,8,27,239,1,Summer,True,partly-cloudy-day,partly-cloudy-day,0.73,0.85,11.43,8.1,62.64,60.30500000000001,26,52
827,2018,8,28,240,2,Summer,False,partly-cloudy-day,partly-cloudy-day,0.66,0.73,3.76,11.43,62.82000000000001,62.64,52,28
827,2018,8,29,241,3,Summer,False,partly-cloudy-day,partly-cloudy-day,0.78,0.66,4.92,3.76,58.45,62.82000000000001,28,50
827,2018,8,30,242,4,Summer,False,partly-cloudy-day,partly-cloudy-day,0.64,0.78,3.7,4.92,59.410000000000004,58.45,50,46
827,2018,8,31,243,5,Summer,False,partly-cloudy-day,partly-cloudy-day,0.73,0.64,3.61,3.7,60.325,59.410000000000004,46,47
827,2018,9,1,244,6,Autumn,False,partly-cloudy-day,partly-cloudy-day,0.67,0.73,4.59,3.61,63.81,60.325,47,39
827,2018,9,2,245,7,Autumn,False,clear-day,partly-cloudy-day,0.61,0.67,4.26,4.59,62.625,63.81,39,31
827,2018,9,3,246,1,Autumn,False,clear-day,clear-day,0.66,0.61,2.19,4.26,64.57,62.625,31,52
827,2018,9,4,247,2,Autumn,False,partly-cloudy-day,clear-day,0.76,0.66,7.23,2.19,62.385000000000005,64.57,52,43
827,2018,9,5,248,3,Autumn,False,partly-cloudy-day,partly-cloudy-day,0.74,0.76,6.93,7.23,61.045,62.385000000000005,43,47
827,2018,9,6,249,4,Autumn,False,partly-cloudy-day,partly-cloudy-day,0.72,0.74,6.26,6.93,56.129999999999995,61.045,47,37
827,2018,9,7,250,5,Autumn,False,partly-cloudy-day,partly-cloudy-day,0.64,0.72,10.05,6.26,55.760000000000005,56.129999999999995,37,40
827,2018,9,8,251,6,Autumn,False,partly-cloudy-day,partly-cloudy-day,0.73,0.64,8.34,10.05,62.35,55.760000000000005,40,32
827,2018,9,9,252,7,Autumn,False,partly-cloudy-day,partly-cloudy-day,0.71,0.73,9.35,8.34,65.38,62.35,32,49
827,2018,9,10,253,1,Autumn,False,partly-cloudy-night,partly-cloudy-day,0.69,0.71,10.4,9.35,65.755,65.38,49,38
827,2018,9,11,254,2,Autumn,False,wind,partly-cloudy-night,0.8,0.69,13.18,10.4,62.765,65.755,38,34
827,2018,9,12,255,3,Autumn,False,partly-cloudy-day,wind,0.83,0.8,4.54,13.18,51.870000000000005,62.765,34,58
827,2018,9,13,256,4,Autumn,False,partly-cloudy-night,partly-cloudy-day,0.68,0.83,5.05,4.54,59.605000000000004,51.870000000000005,58,32
827,2018,9,14,257,5,Autumn,False,partly-cloudy-day,partly-cloudy-night,0.7,0.68,8.91,5.05,57.405,59.605000000000004,32,37
827,2018,9,15,258,6,Autumn,False,partly-cloudy-day,partly-cloudy-day,0.74,0.7,7.25,8.91,62.41,57.405,37,29
827,2018,9,16,259,7,Autumn,False,partly-cloudy-night,partly-cloudy-day,0.72,0.74,9.43,7.25,68.695,62.41,29,50
827,2018,9,17,260,1,Autumn,False,partly-cloudy-day,partly-cloudy-night,0.65,0.72,9.21,9.43,69.935,68.695,50,49
827,2018,9,18,261,2,Autumn,False,wind,partly-cloudy-day,0.7,0.65,14.37,9.21,67.61500000000001,69.935,49,46
827,2018,9,19,262,3,Autumn,False,wind,wind,0.75,0.7,15.33,14.37,66.89,67.61500000000001,46,38
827,2018,9,20,263,4,Autumn,False,wind,wind,0.78,0.75,15.92,15.33,60.114999999999995,66.89,38,33
827,2018,9,21,264,5,Autumn,False,wind,wind,0.68,0.78,18.45,15.92,56.415,60.114999999999995,33,10
827,2018,9,22,265,6,Autumn,False,partly-cloudy-day,wind,0.84,0.68,3.43,18.45,50.959999999999994,56.415,10,10
827,2018,9,23,266,7,Autumn,False,partly-cloudy-day,partly-cloudy-day,0.81,0.84,7.5,3.43,47.394999999999996,50.959999999999994,10,38
827,2018,9,24,267,1,Autumn,False,clear-day,partly-cloudy-day,0.69,0.81,4.55,7.5,49.025,47.394999999999996,38,37
827,2018,9,25,268,2,Autumn,False,partly-cloudy-day,clear-day,0.67,0.69,3.9,4.55,51.845,49.025,37,53
827,2018,9,26,269,3,Autumn,False,partly-cloudy-night,partly-cloudy-day,0.65,0.67,5.39,3.9,59.31,51.845,53,48
827,2018,9,27,270,4,Autumn,False,partly-cloudy-night,partly-cloudy-night,0.63,0.65,4.73,5.39,63.065,59.31,48,54
827,2018,9,28,271,5,Autumn,False,partly-cloudy-day,partly-cloudy-night,0.64,0.63,8.49,4.73,51.22,63.065,54,31
827,2018,9,29,272,6,Autumn,False,partly-cloudy-day,partly-cloudy-day,0.7,0.64,1.15,8.49,50.455,51.22,31,26
827,2018,9,30,273,7,Autumn,False,partly-cloudy-day,partly-cloudy-day,0.73,0.7,6.15,1.15,49.295,50.455,26,32
827,2018,10,1,274,1,Autumn,False,partly-cloudy-night,partly-cloudy-day,0.63,0.73,8.37,6.15,54.19,49.295,32,37
827,2018,10,2,275,2,Autumn,False,partly-cloudy-day,partly-cloudy-night,0.71,0.63,11.41,8.37,60.695,54.19,37,50
827,2018,10,3,276,3,Autumn,False,partly-cloudy-day,partly-cloudy-day,0.76,0.71,6.33,11.41,57.42,60.695,50,43
827,2018,10,4,277,4,Autumn,False,fog,partly-cloudy-day,0.88,0.76,6.55,6.33,57.905,57.42,43,26
827,2018,10,5,278,5,Autumn,False,fog,fog,0.82,0.88,3.14,6.55,60.885000000000005,57.905,26,11
827,2018,12,20,354,4,Winter,False,partly-cloudy-night,partly-cloudy-day,0.83,0.87,9.99,8.36,46.629999999999995,41.125,11,8
827,2018,12,21,355,5,Winter,False,wind,partly-cloudy-night,0.81,0.83,14.2,9.99,49.465,46.629999999999995,8,6
827,2018,12,22,356,6,Winter,False,partly-cloudy-night,wind,0.81,0.81,11.81,14.2,46.93,49.465,6,2
827,2018,12,23,357,7,Winter,False,partly-cloudy-day,partly-cloudy-night,0.92,0.81,3.28,11.81,47.26,46.93,2,4
827,2018,12,24,358,1,Winter,False,partly-cloudy-day,partly-cloudy-day,0.89,0.92,2.35,3.28,38.175,47.26,4,18
827,2018,12,25,359,2,Winter,True,cloudy,partly-cloudy-day,0.93,0.89,2.24,2.35,44.995000000000005,38.175,18,5
827,2018,12,27,361,4,Winter,False,fog,fog,0.91,0.92,1.14,3.4,42.605000000000004,41.835,5,9
827,2018,12,28,362,5,Winter,False,partly-cloudy-day,fog,0.87,0.91,4.52,1.14,47.55,42.605000000000004,9,7
827,2018,12,29,363,6,Winter,False,partly-cloudy-day,partly-cloudy-day,0.87,0.87,9.17,4.52,47.83,47.55,7,5
827,2018,12,30,364,7,Winter,False,fog,partly-cloudy-day,0.93,0.87,6.68,9.17,47.74,47.83,5,10
827,2018,12,31,365,1,Winter,False,cloudy,fog,0.8,0.93,7.42,6.68,43.959999999999994,47.74,10,10
827,2019,1,1,1,2,Winter,True,partly-cloudy-day,cloudy,0.77,0.8,6.5,7.42,43.135000000000005,43.959999999999994,10,18
827,2019,1,2,2,3,Winter,False,cloudy,partly-cloudy-day,0.74,0.77,5.68,6.5,37.87,43.135000000000005,18,17
827,2019,1,3,3,4,Winter,False,partly-cloudy-day,cloudy,0.71,0.74,3.68,5.68,36.045,37.87,17,24
827,2019,1,4,4,5,Winter,False,partly-cloudy-night,partly-cloudy-day,0.75,0.71,3.66,3.68,34.239999999999995,36.045,24,19
827,2019,1,5,5,6,Winter,False,cloudy,partly-cloudy-night,0.77,0.75,6.4,3.66,37.735,34.239999999999995,19,19
827,2019,1,6,6,7,Winter,False,partly-cloudy-day,cloudy,0.8,0.77,5.73,6.4,44.795,37.735,19,14
827,2019,1,7,7,1,Winter,False,partly-cloudy-day,partly-cloudy-day,0.82,0.8,10.25,5.73,44.795,44.795,14,24
827,2019,1,8,8,2,Winter,False,partly-cloudy-night,partly-cloudy-day,0.7,0.82,11.33,10.25,37.125,44.795,24,25
827,2019,1,9,9,3,Winter,False,partly-cloudy-day,partly-cloudy-night,0.78,0.7,9.19,11.33,32.105000000000004,37.125,25,20
827,2019,1,10,10,4,Winter,False,partly-cloudy-day,partly-cloudy-day,0.87,0.78,5.41,9.19,37.645,32.105000000000004,20,24
827,2019,1,11,11,5,Winter,False,partly-cloudy-day,partly-cloudy-day,0.83,0.87,5.85,5.41,42.61,37.645,24,9
827,2019,1,12,12,6,Winter,False,partly-cloudy-day,partly-cloudy-day,0.78,0.83,11.78,5.85,46.605000000000004,42.61,9,14
827,2019,1,13,13,7,Winter,False,partly-cloudy-night,partly-cloudy-day,0.75,0.78,15.29,11.78,46.38,46.605000000000004,14,22
827,2019,1,14,14,1,Winter,False,partly-cloudy-day,partly-cloudy-night,0.69,0.75,10.44,15.29,37.795,46.38,22,24
827,2019,1,15,15,2,Winter,False,partly-cloudy-day,partly-cloudy-day,0.81,0.69,9.48,10.44,43.05,37.795,24,27
827,2019,1,16,16,3,Winter,False,partly-cloudy-day,partly-cloudy-day,0.89,0.81,10.37,9.48,37.71,43.05,27,21
827,2019,1,17,17,4,Winter,False,partly-cloudy-night,partly-cloudy-day,0.76,0.89,8.71,10.37,30.33,37.71,21,24
827,2019,1,18,18,5,Winter,False,partly-cloudy-night,partly-cloudy-night,0.75,0.76,6.06,8.71,34.285,30.33,24,12
827,2019,1,19,19,6,Winter,False,partly-cloudy-day,partly-cloudy-night,0.81,0.75,8.63,6.06,32.37,34.285,12,16
827,2019,1,20,20,7,Winter,False,partly-cloudy-night,partly-cloudy-day,0.81,0.81,3.56,8.63,33.035,32.37,16,25
827,2019,1,21,21,1,Winter,False,partly-cloudy-day,partly-cloudy-night,0.85,0.81,4.43,3.56,32.83,33.035,25,22
827,2019,1,22,22,2,Winter,False,partly-cloudy-night,partly-cloudy-day,0.86,0.85,6.18,4.43,32.15,32.83,22,26
827,2019,1,23,23,3,Winter,False,partly-cloudy-day,partly-cloudy-night,0.87,0.86,6.73,6.18,28.34,32.15,26,23
827,2019,1,24,24,4,Winter,False,partly-cloudy-day,partly-cloudy-day,0.9,0.87,3.08,6.73,37.03,28.34,23,17
827,2019,1,25,25,5,Winter,False,fog,partly-cloudy-day,0.9,0.9,6.93,3.08,46.32,37.03,17,7
827,2019,1,26,26,6,Winter,False,partly-cloudy-day,fog,0.85,0.9,12.79,6.93,40.02,46.32,7,11
827,2019,1,27,27,7,Winter,False,wind,partly-cloudy-day,0.75,0.85,15.54,12.79,31.05,40.02,11,19
827,2019,1,28,28,1,Winter,False,partly-cloudy-night,wind,0.66,0.75,10.18,15.54,28.715000000000003,31.05,19,17
827,2019,1,29,29,2,Winter,False,partly-cloudy-day,partly-cloudy-night,0.82,0.66,3.8,10.18,30.835,28.715000000000003,17,26
827,2019,1,30,30,3,Winter,False,partly-cloudy-day,partly-cloudy-day,0.83,0.82,5.6,3.8,28.595,30.835,26,17
827,2019,1,31,31,4,Winter,False,partly-cloudy-night,partly-cloudy-day,0.86,0.83,7.25,5.6,27.07,28.595,17,15
827,2019,2,1,32,5,Winter,False,partly-cloudy-day,partly-cloudy-night,0.91,0.86,11.48,7.25,27.555,27.07,15,19
827,2019,2,2,33,6,Winter,False,partly-cloudy-day,partly-cloudy-day,0.8,0.91,10.45,11.48,27.795,27.555,19,7
827,2019,2,3,34,7,Winter,False,partly-cloudy-night,partly-cloudy-day,0.76,0.8,5.48,10.45,35.43,27.795,7,17
827,2019,2,4,35,1,Winter,False,fog,partly-cloudy-night,0.9,0.76,10.48,5.48,42.53,35.43,17,23
827,2019,2,5,36,2,Winter,False,fog,fog,0.95,0.9,7.44,10.48,40.115,42.53,23,23
827,2019,2,6,37,3,Winter,False,wind,fog,0.9,0.95,6.55,7.44,43.54,40.115,23,24
827,2019,2,7,38,4,Winter,False,wind,wind,0.73,0.9,16.91,6.55,40.925,43.54,24,19
827,2019,2,8,39,5,Winter,False,wind,wind,0.87,0.73,17.53,16.91,44.025,40.925,19,10
827,2019,2,9,40,6,Winter,False,wind,wind,0.71,0.87,17.96,17.53,44.519999999999996,44.025,10,11
827,2019,2,10,41,7,Winter,False,partly-cloudy-day,wind,0.85,0.71,8.71,17.96,35.765,44.519999999999996,11,24
827,2019,2,11,42,1,Winter,False,partly-cloudy-night,partly-cloudy-day,0.76,0.85,4.35,8.71,37.980000000000004,35.765,24,22
827,2019,2,12,43,2,Winter,False,partly-cloudy-day,partly-cloudy-night,0.82,0.76,7,4.35,45.56,37.980000000000004,22,28
827,2019,2,13,44,3,Winter,False,partly-cloudy-day,partly-cloudy-day,0.85,0.82,7.66,7,43.364999999999995,45.56,28,14
827,2019,2,14,45,4,Winter,False,partly-cloudy-night,partly-cloudy-day,0.8,0.85,3.86,7.66,43.575,43.364999999999995,14,22
827,2019,2,15,46,5,Winter,False,cloudy,partly-cloudy-night,0.77,0.8,4.16,3.86,46.365,43.575,22,20
827,2019,2,16,47,6,Winter,False,partly-cloudy-day,cloudy,0.91,0.77,6.34,4.16,45.18,46.365,20,31
827,2019,2,17,48,7,Winter,False,partly-cloudy-night,partly-cloudy-day,0.84,0.91,7.46,6.34,50.45,45.18,31,22
827,2019,2,18,49,1,Winter,False,partly-cloudy-day,partly-cloudy-night,0.88,0.84,7.84,7.46,39.64,50.45,22,25
827,2019,2,19,50,2,Winter,False,partly-cloudy-night,partly-cloudy-day,0.8,0.88,9.06,7.84,46.045,39.64,25,26
827,2019,2,20,51,3,Winter,False,partly-cloudy-day,partly-cloudy-night,0.8,0.8,10,9.06,48.36,46.045,26,29
827,2019,2,21,52,4,Winter,False,fog,partly-cloudy-day,0.82,0.8,7.69,10,49.325,48.36,29,32
827,2019,2,22,53,5,Winter,False,fog,fog,0.89,0.82,2.96,7.69,49.07,49.325,32,25
827,2019,2,23,54,6,Winter,False,fog,fog,0.83,0.89,4.83,2.96,48.120000000000005,49.07,25,24
827,2019,2,24,55,7,Winter,False,partly-cloudy-day,fog,0.73,0.83,3.2,4.83,48.74,48.120000000000005,24,36
827,2019,2,25,56,1,Winter,False,partly-cloudy-day,partly-cloudy-day,0.6,0.73,3.64,3.2,50.815,48.74,36,22
827,2019,2,26,57,2,Winter,False,clear-day,partly-cloudy-day,0.62,0.6,3.29,3.64,51.765,50.815,22,24
827,2019,2,27,58,3,Winter,False,clear-day,clear-day,0.71,0.62,2.76,3.29,52.64,51.765,24,23
827,2019,2,28,59,4,Winter,False,fog,clear-day,0.87,0.71,8.12,2.76,49.215,52.64,23,30
827,2019,3,1,60,5,Spring,False,partly-cloudy-day,fog,0.82,0.87,4.88,8.12,47.51,49.215,30,16
827,2019,3,2,61,6,Spring,False,wind,partly-cloudy-day,0.84,0.82,10.17,4.88,51.345,47.51,16,17
827,2019,3,3,62,7,Spring,False,wind,wind,0.84,0.84,16.54,10.17,43.045,51.345,17,22
827,2019,3,4,63,1,Spring,False,partly-cloudy-day,wind,0.76,0.84,14.23,16.54,41.135,43.045,22,28
827,2019,3,5,64,2,Spring,False,partly-cloudy-night,partly-cloudy-day,0.76,0.76,10.29,14.23,47.92,41.135,28,26
827,2019,3,6,65,3,Spring,False,partly-cloudy-day,partly-cloudy-night,0.85,0.76,14.22,10.29,44.875,47.92,26,24
827,2019,3,7,66,4,Spring,False,wind,partly-cloudy-day,0.73,0.85,17.86,14.22,43.760000000000005,44.875,24,20
827,2019,3,8,67,5,Spring,False,partly-cloudy-night,wind,0.8,0.73,10.03,17.86,42.644999999999996,43.760000000000005,20,9
827,2019,3,9,68,6,Spring,False,wind,partly-cloudy-night,0.71,0.8,14.65,10.03,46.14,42.644999999999996,9,11
827,2019,3,10,69,7,Spring,False,wind,wind,0.74,0.71,13.12,14.65,39.315,46.14,11,30
827,2019,3,11,70,1,Spring,False,wind,wind,0.61,0.74,13.51,13.12,44.650000000000006,39.315,30,16
827,2019,3,12,71,2,Spring,False,wind,wind,0.84,0.61,15.8,13.51,37.8,44.650000000000006,16,25
827,2019,3,13,72,3,Spring,False,wind,wind,0.64,0.84,19.48,15.8,45.129999999999995,37.8,25,26
827,2019,3,14,73,4,Spring,False,wind,wind,0.71,0.64,16.31,19.48,50.685,45.129999999999995,26,22
827,2019,3,15,74,5,Spring,False,wind,wind,0.8,0.71,19.56,16.31,54.260000000000005,50.685,22,12
827,2019,3,16,75,6,Spring,False,wind,wind,0.8,0.8,20.5,19.56,42.86,54.260000000000005,12,9
827,2019,3,17,76,7,Spring,False,partly-cloudy-day,wind,0.74,0.8,13.56,20.5,38.345,42.86,9,23
827,2019,3,18,77,1,Spring,False,partly-cloudy-night,partly-cloudy-day,0.73,0.74,7.53,13.56,43.78,38.345,23,32
