,name,id,lat,lon,capacity,closest_district
0,"River Street , Clerkenwell",1,51.52916347,-0.109970527,19,Islington
1,"Phillimore Gardens, Kensington",2,51.49960695,-0.197574246,37,Kensington and Chelsea
2,"Christopher Street, Liverpool Street",3,51.52128377,-0.084605692,32,City of London
3,"St. Chad's Street, King's Cross",4,51.53005939,-0.120973687,23,Islington
4,"Sedding Street, Sloane Square",5,51.49313,-0.156876,27,Westminster
5,"Broadcasting House, Marylebone",6,51.51811784,-0.144228881,18,Westminster
6,"Charlbert Street, St. John's Wood",7,51.53430039,-0.16807429999999998,16,Camden
7,"Maida Vale, Maida Vale",8,51.529857,-0.18348604,39,Camden
8,"New Globe Walk, Bankside",9,51.507385299999996,-0.09644075099999999,19,Southwark
9,"Park Street, Bankside",10,51.50597426,-0.09275415699999999,18,Southwark
10,"Brunswick Square, Bloomsbury",11,51.52395143,-0.122502346,24,Islington
11,"Malet Street, Bloomsbury",12,51.52168078,-0.130431727,49,Camden
12,"Scala Street, Fitzrovia",13,51.51991453,-0.136039674,21,Lambeth
13,"Belgrove Street , King's Cross",14,51.52994371,-0.123616824,48,Camden
14,"Great Russell Street, Bloomsbury",15,51.51772703,-0.127854211,26,Lambeth
15,"Cartwright Gardens , Bloomsbury",16,51.52635795,-0.125979294,22,Camden
16,"Hatton Wall, Holborn",17,51.521661200000004,-0.109006325,26,City of London
17,"Drury Lane, Covent Garden",18,51.51477076,-0.12221963,27,Lambeth
18,"Taviton Street, Bloomsbury",19,51.52505093,-0.13116108699999998,30,Camden
19,"Drummond Street , Euston",20,51.527326,-0.13605286,28,Camden
20,"Hampstead Road (Cartmel), Euston",21,51.53007835,-0.13884627,16,Camden
21,"Northington Street , Holborn",22,51.5222641,-0.114079481,19,City of London
22,"Red Lion Square, Holborn",23,51.51943538,-0.119123345,16,City of London
23,"British Museum, Bloomsbury",24,51.51908011,-0.124678402,35,Lambeth
24,"Doric Way , Somers Town",25,51.5288338,-0.132250369,31,Camden
25,"Ampton Street , Clerkenwell",26,51.52728093,-0.11829517,21,Islington
26,"Bouverie Street, Temple",27,51.51382102,-0.107927706,33,City of London
27,"Bolsover Street, Fitzrovia",28,51.52351808,-0.143613641,19,Camden
28,"Hereford Road, Bayswater",29,51.513735,-0.193487,22,Kensington and Chelsea
29,"Windsor Terrace, Hoxton",30,51.52915444,-0.093421615,24,Islington
30,"Fanshaw Street, Hoxton",31,51.52953709,-0.08335332299999999,36,Islington
31,"Leonard Circus , Shoreditch",32,51.52469624,-0.084439283,43,City of London
32,"Central House, Aldgate",33,51.5156,-0.070056,18,City of London
33,"Pancras Road, King's Cross",34,51.5341235,-0.129386874,16,Camden
34,"De Vere Gardens, Kensington",36,51.50173726,-0.184980612,28,Kensington and Chelsea
35,"Penywern Road, Earl's Court",37,51.49159394,-0.19236925600000002,17,Kensington and Chelsea
36,"Abingdon Villas, Kensington",38,51.4973875,-0.19724558600000003,17,Kensington and Chelsea
37,"Shoreditch High Street, Shoreditch",39,51.5263778,-0.07813092099999999,41,City of London
38,"Commercial Street, Shoreditch",40,51.52127071,-0.0755789,16,City of London
39,"Pindar Street, Liverpool Street",41,51.520955,-0.083493552,24,City of London
40,"Wenlock Road , Hoxton",42,51.53099181,-0.093903825,28,Islington
41,"Crawford Street, Marylebone",43,51.52026,-0.157183945,18,Camden
42,"Bruton Street, Mayfair",44,51.51073687,-0.144165239,21,Westminster
43,"Boston Place, Marylebone",45,51.522511,-0.162298,26,Camden
44,"Nesham Street, Wapping",46,51.507131,-0.06691,16,City of London
45,"Warwick Avenue Station, Maida Vale",47,51.52334476,-0.18384640800000002,19,Kensington and Chelsea
46,"Godliman Street, St. Paul's",48,51.51248445,-0.09914140800000001,25,City of London
47,"Curzon Street, Mayfair",49,51.50706909,-0.145904427,16,Westminster
48,"East Road, Hoxton",50,51.52867339,-0.08745937599999999,27,Islington
49,"Finsbury Library , Finsbury",51,51.52671796,-0.104298194,29,Islington
50,"Roscoe Street, St. Luke's",52,51.52295439,-0.09493485900000001,18,City of London
51,"Grafton Street, Mayfair",53,51.50999229999999,-0.14349526599999998,18,Westminster
52,"Golden Lane, Barbican",54,51.52174785,-0.094475072,27,City of London
53,"Finsbury Circus, Liverpool Street",55,51.51707521,-0.08668554199999999,33,City of London
54,"Paddington Street, Marylebone",56,51.52058381,-0.15470141099999998,16,Camden
55,"Guilford Street , Bloomsbury",57,51.52334672,-0.120202614,32,City of London
56,"New Inn Yard, Shoreditch",58,51.52452699,-0.079248081,20,City of London
57,"Lisson Grove, St. John's Wood",60,51.52644828,-0.172190727,18,Camden
58,"Great Dover Street, The Borough",61,51.49738251,-0.089446947,33,Southwark
59,"Cotton Garden Estate, Kennington",62,51.4907579,-0.106323685,24,Southwark
60,"Murray Grove , Hoxton",63,51.53089041,-0.089782579,27,Islington
61,"William IV Street, Strand",64,51.50946212,-0.12474927400000001,26,Lambeth
62,"Gower Place , Euston",65,51.52522753,-0.13518856,17,Camden
63,"Holborn Circus, Holborn",66,51.51795029,-0.108657431,40,City of London
64,"Hatton Garden, Holborn",67,51.51882555,-0.10802847199999999,28,City of London
65,"Theobald's Road , Holborn",68,51.52059681,-0.116688468,26,City of London
66,"Euston Road, Euston",69,51.526236299999994,-0.134407652,24,Camden
67,"Calshot Street , King's Cross",70,51.53136059,-0.117069978,24,Islington
68,"Newgate Street , St. Paul's",71,51.5154186,-0.098850915,34,City of London
69,"Farringdon Lane, Clerkenwell",72,51.52352001,-0.108340165,16,City of London
70,"Old Street Station, St. Luke's",73,51.52572618,-0.08848618800000001,37,City of London
71,"Vauxhall Cross, Vauxhall",74,51.48591714,-0.12446994800000001,17,Westminster
72,"Torrens Street, Angel",75,51.53219984,-0.10548069800000001,19,Islington
73,"Longford Street, The Regents Park",76,51.52559505,-0.14408389300000002,21,Camden
74,"Russell Square Station, Bloomsbury",77,51.52341837,-0.124121774,26,Camden
75,"Sadlers Sports Centre, Finsbury",78,51.52486887,-0.099489485,17,City of London
76,"Arundel Street, Temple",79,51.511726,-0.11385596,18,Lambeth
77,"Webber Street , Southwark",80,51.50069361,-0.102091246,45,Southwark
78,"Great Titchfield Street, Fitzrovia",81,51.52025302,-0.141327271,19,Camden
79,"Chancery Lane, Holborn",82,51.514274,-0.111257,15,City of London
80,"Panton Street, West End",83,51.50963938,-0.13151094900000002,21,Lambeth
81,"Breams Buildings, Holborn",84,51.51593725,-0.11177834800000001,25,City of London
82,"Tanner Street, Bermondsey",85,51.50064702,-0.078600401,41,Southwark
83,"Sancroft Street, Vauxhall",86,51.48947903,-0.11515656199999999,24,Lambeth
84,"Devonshire Square, Liverpool Street",87,51.51646835,-0.079684557,16,City of London
85,"Bayley Street , Bloomsbury",88,51.51858757,-0.132053392,25,Lambeth
86,"Tavistock Place, Bloomsbury",89,51.526250299999994,-0.12350961099999999,19,Camden
87,"Harrington Square 1, Camden Town",90,51.53301907,-0.139174593,27,Camden
88,"Walnut Tree Walk, Vauxhall",91,51.49368637,-0.111014912,20,Lambeth
89,"Borough Road, Elephant & Castle",92,51.49889832,-0.10044052099999999,41,Southwark
90,"Cloudesley Road, Angel",93,51.53440868,-0.109025404,37,Islington
91,"Bricklayers Arms, Borough",94,51.49506109,-0.08581448900000001,28,Southwark
92,"Aldersgate Street, Barbican",95,51.5208417,-0.097340162,15,City of London
93,"Falkirk Street, Hoxton",96,51.53095071,-0.078505384,26,Islington
94,"Gloucester Road (North), Kensington",97,51.49792478,-0.18383470600000001,18,Kensington and Chelsea
95,"Hampstead Road, Euston",98,51.52554222,-0.138231303,54,Camden
96,"Old Quebec Street, Marylebone",99,51.51457763,-0.158264483,16,Westminster
97,"Albert Embankment, Vauxhall",100,51.49043573,-0.12280686099999999,24,Westminster
98,"Queen Street 1, Bank",101,51.51155322,-0.09294010000000001,22,City of London
99,"Jewry Street, Aldgate",102,51.51340693,-0.076793375,17,City of London
100,"Vicarage Gate, Kensington",103,51.50472376,-0.192538767,18,Kensington and Chelsea
101,"Crosswall, Tower",104,51.51159481,-0.077121322,34,City of London
102,"Westbourne Grove, Bayswater",105,51.51552971,-0.190240716,26,Kensington and Chelsea
103,"Woodstock Street, Mayfair",106,51.51410514,-0.147301667,21,Westminster
104,"Finsbury Leisure Centre, St. Luke's",107,51.52600832,-0.09631762699999999,20,City of London
105,"Abbey Orchard Street, Westminster",108,51.49812559,-0.132102166,29,Westminster
106,"Soho Square , Soho",109,51.51563144,-0.132328837,57,Lambeth
107,"Wellington Road, St. John's Wood",110,51.53304322,-0.17252867800000002,17,Camden
108,"Park Lane , Hyde Park",111,51.5100172,-0.157275636,28,Westminster
109,"Stonecutter Street, Holborn",112,51.51580998,-0.105270275,18,City of London
110,"Gloucester Road (Central), South Kensington",113,51.49646288,-0.183289032,19,Kensington and Chelsea
111,"Park Road (Baker Street), The Regent's Park",114,51.52451738,-0.15896364699999999,22,Camden
112,"Braham Street, Aldgate",115,51.51423368,-0.07353765400000001,34,City of London
113,"Little Argyll Street, West End",116,51.51449962,-0.141423695,21,Westminster
114,"Lollard Street, Vauxhall",117,51.49288067,-0.114934001,25,Lambeth
115,"Rochester Row, Westminster",118,51.49582705,-0.13547809,13,Westminster
116,"Bath Street, St. Luke's",119,51.52589324,-0.090847761,18,City of London
117,"The Guildhall, Guildhall",120,51.51573534,-0.093080779,17,City of London
118,"Baker Street, Marylebone",121,51.51891348,-0.156166631,22,Westminster
119,"Norton Folgate, Liverpool Street",122,51.52111369,-0.078869751,23,City of London
120,"St. John Street, Finsbury",123,51.52836014,-0.104724625,18,Islington
121,"Eaton Square, Belgravia",124,51.49654462,-0.150905245,20,Westminster
122,"Borough High Street, The Borough",125,51.50069491,-0.09452431900000001,21,Southwark
123,"Museum of London, Barbican",126,51.51782144,-0.096496865,52,City of London
124,"Wood Street, Guildhall",127,51.51700801,-0.09388536,17,City of London
125,"Emperor's Gate, South Kensington",128,51.49536226,-0.18529651600000002,22,Kensington and Chelsea
126,"Golden Square, Soho",129,51.5118973,-0.137043852,18,Westminster
127,"Tower Gardens , Tower",130,51.50950627,-0.07545948200000001,24,City of London
128,"Eversholt Street , Camden Town",131,51.53300545,-0.136792671,16,Camden
129,"Bethnal Green Road, Shoreditch",132,51.52364804,-0.074754872,38,City of London
130,"Derry Street, Kensington",133,51.50136494,-0.19146238100000001,18,Kensington and Chelsea
131,"Wapping High Street, Wapping",134,51.504903999999996,-0.06797,20,City of London
132,"Clerkenwell Green, Clerkenwell",135,51.52326004,-0.104708922,21,City of London
133,"Queen Victoria Street, St. Paul's",136,51.51196176,-0.097441687,32,City of London
134,"Green Street, Mayfair",138,51.51227622,-0.15743697199999998,19,Westminster
135,"Lambeth Road, Vauxhall",139,51.49488108,-0.117974901,18,Lambeth
136,"Finsbury Square , Moorgate",140,51.52096262,-0.085634242,33,City of London
137,"Chapel Place, Marylebone",141,51.51530805,-0.147203711,29,Westminster
138,"West Cromwell Road, Earl's Court",142,51.49372451,-0.198286569,24,Kensington and Chelsea
139,"Pont Street, Knightsbridge",143,51.4968865,-0.16120382800000002,24,Westminster
140,"Kennington Cross, Kennington",144,51.48894022,-0.11143579599999999,47,Lambeth
141,"Ilchester Place, Kensington",145,51.50074359,-0.202759212,24,Kensington and Chelsea
142,"Vauxhall Bridge , Pimlico",146,51.48836528,-0.129361842,35,Westminster
143,"Tachbrook Street, Victoria",148,51.49211134,-0.13836484699999999,16,Westminster
144,"Kennington Road Post Office, Oval",149,51.48478899,-0.110683213,18,Lambeth
145,"Holy Trinity Brompton, Knightsbridge",150,51.49705603,-0.168917077,28,Kensington and Chelsea
146,"Chepstow Villas, Notting Hill",151,51.51213691,-0.201554966,26,Kensington and Chelsea
147,"Hampton Street, Walworth",152,51.49217002,-0.101536865,21,Southwark
148,"Waterloo Station 3, Waterloo",154,51.50379168,-0.11282408,35,Lambeth
149,"Lexham Gardens, Kensington",155,51.49586666,-0.191933711,19,Kensington and Chelsea
150,"New Kent Road, The Borough",156,51.49443626,-0.092921165,33,Southwark
151,"Wright's Lane, Kensington",157,51.50039792,-0.193068385,37,Kensington and Chelsea
152,"Trebovir Road, Earl's Court",158,51.49085368,-0.196170309,18,Kensington and Chelsea
153,"Great Marlborough Street, Soho",159,51.51461995,-0.137841333,39,Westminster
154,"Waterloo Place, St. James's",160,51.50663341,-0.131773845,20,Westminster
155,"Guildhouse Street, Victoria",161,51.49234577,-0.14133448699999998,16,Westminster
156,"Southampton Place, Holborn",162,51.51760685,-0.12132840800000001,20,Lambeth
157,"Sloane Avenue, Knightsbridge",163,51.4931848,-0.167894973,27,Westminster
158,"Cleveland Gardens, Bayswater",164,51.515607,-0.183118788,16,Kensington and Chelsea
159,"Orsett Terrace, Bayswater",165,51.517932,-0.18371695899999999,15,Kensington and Chelsea
160,"Seville Street, Knightsbridge",166,51.50185512,-0.159237081,27,Westminster
161,"Eccleston Place, Victoria",167,51.49395092,-0.147624377,19,Westminster
162,"Argyll Road, Kensington",168,51.50040123,-0.195455928,19,Kensington and Chelsea
163,"Porchester Place, Paddington",169,51.51474612,-0.16516428800000002,18,Westminster
164,"Hardwick Street, Clerkenwell",170,51.52784273,-0.108068155,30,Islington
165,"Collingham Gardens, Earl's Court",171,51.4916156,-0.186753859,14,Kensington and Chelsea
166,"Sumner Place, South Kensington",172,51.49121192,-0.17371591100000003,19,Kensington and Chelsea
167,"Waterloo Road, South Bank",173,51.50486,-0.113001,15,Lambeth
168,"Strand, Strand",174,51.512529,-0.11516300000000002,36,Lambeth
169,"Gloucester Terrace, Bayswater",176,51.51791921,-0.188098863,23,Kensington and Chelsea
170,"Ashley Place, Victoria",177,51.49616092,-0.140947636,25,Westminster
171,"Warwick Square, Pimlico",178,51.48985626,-0.141923621,19,Westminster
172,"North Audley Street, Mayfair",180,51.5129118,-0.153645496,17,Westminster
173,"Belgrave Square, Belgravia",181,51.49941247,-0.152317537,21,Westminster
174,"Bell Street , Marylebone",182,51.52202903,-0.165842551,18,Camden
175,"Riverlight North, Nine Elms",183,51.482362,-0.13612398,24,Westminster
176,"Portland Place, Marylebone",184,51.52071513,-0.14521173,34,Camden
177,"Alderney Street, Pimlico",185,51.48805753,-0.140741432,14,Westminster
178,"South Wharf Road, Paddington",186,51.51733558,-0.175810943,16,Kensington and Chelsea
179,"Queen's Gate (South), South Kensington",187,51.49247977,-0.17843300399999998,24,Kensington and Chelsea
180,"Nutford Place, Marylebone",188,51.516517900000004,-0.164393768,18,Westminster
181,"Claremont Square, Angel",189,51.53166681,-0.109914711,18,Islington
182,"Rampayne Street, Pimlico",190,51.48997562,-0.132845681,21,Westminster
183,"Hyde Park Corner, Hyde Park",191,51.50311799,-0.153520935,28,Westminster
184,"Wardour Street, Soho",192,51.51251523,-0.133201961,16,Lambeth
185,"Bankside Mix, Bankside",193,51.50581776,-0.10018633699999999,60,Southwark
186,"Hop Exchange, The Borough",194,51.50462759,-0.091773776,56,Southwark
187,"Milroy Walk, South Bank",195,51.50724437,-0.106237501,30,Southwark
188,"Union Street, The Borough",196,51.50368837,-0.098497684,17,Southwark
189,"Stamford Street, South Bank",197,51.50556905,-0.11160669599999999,27,Lambeth
190,"Great Tower Street, Monument",199,51.51048489,-0.082989638,24,City of London
191,"LMU Commercial Road, Whitechapel",200,51.51492456,-0.066078037,14,City of London
192,"Dorset Square, Marylebone",201,51.522596500000006,-0.161113413,16,Camden
193,"Leman Street, Aldgate",202,51.51236389,-0.06954201,37,City of London
194,"West Smithfield Rotunda, Farringdon",203,51.51821864,-0.100791005,15,City of London
195,"Margery Street, Clerkenwell",204,51.52659961,-0.112432615,19,Islington
196,"New Road 1 , Whitechapel",206,51.518153999999996,-0.062697,36,City of London
197,"Grosvenor Crescent, Belgravia",207,51.50135267,-0.153194766,18,Westminster
198,"Mallory Street, Marylebone",208,51.52505151,-0.166304359,20,Camden
199,"Denyer Street, Knightsbridge",209,51.49358391,-0.16510139199999999,30,Westminster
200,"Hinde Street, Marylebone",210,51.51681444,-0.151926305,21,Westminster
201,"Cadogan Place, Knightsbridge",211,51.49464523,-0.158105512,34,Westminster
202,"Campden Hill Road, Notting Hill",212,51.50658458,-0.19900402600000003,17,Kensington and Chelsea
203,"Wellington Arch, Hyde Park",213,51.50274025,-0.14956920099999998,36,Westminster
204,"Endsleigh Gardens, Euston",214,51.52683806,-0.130504336,32,Camden
205,"Moorfields, Moorgate",215,51.51906932,-0.088285377,54,City of London
206,"Old Brompton Road, South Kensington",216,51.49094565,-0.181190899,30,Kensington and Chelsea
207,"Wormwood Street, Liverpool Street",217,51.51615461,-0.08242239900000001,16,City of London
208,"St. Luke's Church, Chelsea",218,51.48971651,-0.17019440800000002,20,Kensington and Chelsea
209,"Bramham Gardens, Earl's Court",219,51.49016361,-0.19039362,29,Kensington and Chelsea
210,"Chelsea Green, Chelsea",220,51.49066456,-0.166485083,27,Westminster
211,"Horseferry Road, Westminster",221,51.49481649,-0.13045856,16,Westminster
212,"Knightsbridge, Hyde Park",222,51.50275704,-0.155349725,43,Westminster
213,"Rodney Road , Walworth",223,51.49148474,-0.090220911,24,Southwark
214,"Notting Hill Gate Station, Notting Hill",225,51.50935342,-0.196422,30,Kensington and Chelsea
215,"Charles II Street, West End",226,51.50844614,-0.131961389,24,Westminster
216,"Great Percy Street, Clerkenwell",227,51.52891573,-0.115480888,23,Islington
217,"St. James's Square, St. James's",228,51.50742485,-0.134621209,40,Westminster
218,"Whitehall Place, Strand",229,51.50654321,-0.12317969699999999,24,Lambeth
219,"Poured Lines, Bankside",230,51.50669284,-0.10313742599999999,31,Southwark
220,"Queen's Gate (Central), South Kensington",231,51.49396755,-0.17873226,31,Kensington and Chelsea
221,"Carey Street, Holborn",232,51.51501025,-0.11275321699999999,16,City of London
222,"Pall Mall East, West End",233,51.50777049,-0.130699733,22,Lambeth
223,"Liverpool Road (N1 Centre), Angel",234,51.53450449,-0.10699270599999999,24,Islington
224,"Kennington Road  , Vauxhall",235,51.49571828,-0.11088927400000001,36,Lambeth
225,"Fashion Street, Whitechapel",236,51.51838043,-0.073438925,30,City of London
226,"Dock Street, Wapping",237,51.509786015100005,-0.06816198051559999,30,City of London
227,"Frampton Street, Paddington",238,51.5233534,-0.175116099,32,Kensington and Chelsea
228,"Warren Street Station, Euston",239,51.52443845,-0.138019439,26,Camden
229,"Colombo Street, Southwark",240,51.50545935,-0.10569204,14,Southwark
230,"Beaumont Street, Marylebone",242,51.52200801,-0.151359288,23,Camden
231,"Gloucester Street, Pimlico",243,51.49096258,-0.139625122,25,Westminster
232,"Earnshaw Street , Covent Garden",244,51.51611887,-0.128585022,18,Lambeth
233,"Grosvenor Road, Pimlico",245,51.4853572,-0.142207481,29,Westminster
234,"Berry Street, Clerkenwell",246,51.52285301,-0.09999405199999999,41,City of London
235,"St. John's Wood Church, The Regent's Park",247,51.530052000000005,-0.16831400000000002,50,Camden
236,"Triangle Car Park, Hyde Park",248,51.50645179,-0.170279555,27,Kensington and Chelsea
237,"Harper Road, The Borough",249,51.49859784,-0.096191134,42,Southwark
238,"Royal Avenue 1, Chelsea",250,51.489932,-0.162727,10,Westminster
239,"Brushfield Street, Liverpool Street",251,51.518908,-0.079249,34,City of London
240,"Jubilee Gardens, South Bank",252,51.5046364,-0.11654227800000001,30,Lambeth
241,"Shoreditch Park, Hoxton",253,51.53404294,-0.086379717,30,Islington
242,"Chadwell Street, Angel",254,51.53051587,-0.106408455,18,Islington
243,"Clifton Road, Maida Vale",255,51.52557531,-0.179592915,22,Kensington and Chelsea
244,"Houghton Street, Strand",256,51.51362054,-0.11676421099999999,15,Lambeth
245,"Westminster University, Marylebone",257,51.52248185,-0.154907218,16,Camden
246,"Kensington Gore, Knightsbridge",258,51.50143293,-0.17865697100000003,23,Kensington and Chelsea
247,"Bourne Street, Belgravia",259,51.491495,-0.15400472,16,Westminster
248,"Broadwick Street, Soho",260,51.513684600000005,-0.13558087900000002,18,Westminster
249,"Princes Square, Bayswater",261,51.5134891,-0.191351186,15,Kensington and Chelsea
250,"LSBU (Borough Road), Elephant & Castle",262,51.49874469,-0.103132904,35,Southwark
251,"St. Mary Axe, Aldgate",263,51.51422502,-0.080660083,21,City of London
252,"Tysoe Street, Clerkenwell",264,51.52644342,-0.10925682800000001,20,Islington
253,"Southwick Street, Paddington",265,51.51595344,-0.169249375,17,Kensington and Chelsea
254,"Queen's Gate (North), Kensington",266,51.50102668,-0.18024610100000002,41,Kensington and Chelsea
255,"Regency Street, Westminster",267,51.49206037,-0.13222462199999999,22,Westminster
256,"Belgrave Road, Victoria",268,51.49320445,-0.144132875,29,Westminster
257,"Empire Square, The Borough",269,51.50082346,-0.089740764,46,Southwark
258,"Kennington Lane Rail Bridge, Vauxhall",270,51.4863434,-0.122492418,31,Westminster
259,"London Zoo,  The Regent's Park",271,51.53583617,-0.156285395,32,Camden
260,"Baylis Road, Waterloo",272,51.50144456,-0.11069930900000001,22,Lambeth
261,"Belvedere Road 1, South Bank",273,51.50613324,-0.114686385,38,Lambeth
262,"Warwick Road, Olympia",274,51.49671237,-0.20528437,36,Kensington and Chelsea
263,"Barbican Centre, Barbican",275,51.52004497,-0.092176447,19,City of London
264,"Lower Thames Street, Monument",276,51.50930161,-0.084985356,24,City of London
265,"Kensington Church Street, Kensington",277,51.50315739,-0.191496313,17,Kensington and Chelsea
266,"Tooley Street, Bermondsey",278,51.503493799999994,-0.07962099,17,City of London
267,"North Wharf Road, Paddington",279,51.51862243,-0.176645823,25,Kensington and Chelsea
268,"Royal Avenue 2, Chelsea",280,51.490083,-0.162418,10,Westminster
269,"Smith Square, Westminster",281,51.49580589,-0.127575233,18,Westminster
270,"Royal London Hospital, Whitechapel",282,51.51906446,-0.059642081,42,City of London
271,"Kingsway, Covent Garden",283,51.51440928,-0.11847875699999999,16,Lambeth
272,"Lambeth North Station, Waterloo",284,51.49914063,-0.112031483,20,Lambeth
273,"St. John's Wood Road, St. John's Wood",286,51.527294700000006,-0.174653609,35,Camden
274,"Bedford Way, Bloomsbury",287,51.52367314,-0.128377673,23,Camden
275,"Elizabeth Bridge, Victoria",288,51.49236962,-0.147478734,34,Westminster
276,"South Audley Street, Mayfair",289,51.50923022,-0.151296092,15,Westminster
277,"Winsland Street, Paddington",290,51.51678023,-0.175488803,15,Kensington and Chelsea
278,"Claverton Street, Pimlico",291,51.48483991,-0.13808906199999998,32,Westminster
279,"Montpelier Street, Knightsbridge",292,51.49888404,-0.165471605,16,Westminster
280,"Kensington Olympia Station, Olympia",293,51.49815779,-0.209494128,25,Kensington and Chelsea
281,"St. George's Square, Pimlico",294,51.488226,-0.135635511,16,Westminster
282,"Swan Street, The Borough",295,51.50029631,-0.092762704,27,Southwark
283,"Knaresborough Place, Earl's Court",296,51.49363156,-0.19060332600000002,18,Kensington and Chelsea
284,"Geraldine Street, Elephant & Castle",297,51.49612799,-0.106000855,17,Southwark
285,"Curlew Street, Shad Thames",298,51.50227992,-0.074189225,21,City of London
286,"Vincent Square, Westminster",299,51.49398524,-0.136928582,19,Westminster
287,"Serpentine Car Park, Hyde Park",300,51.505014,-0.17306032,18,Kensington and Chelsea
288,"Marylebone Lane, Marylebone",301,51.51475963,-0.148105415,24,Westminster
289,"Putney Pier, Wandsworth",302,51.466907,-0.21657300000000002,28,Wandsworth
290,"Albert Gate, Hyde Park",303,51.50295379,-0.158456089,28,Westminster
291,"Kennington Lane Tesco, Vauxhall",305,51.48677988,-0.11585396099999999,15,Lambeth
292,"Rathbone Street, Fitzrovia ",306,51.51816295,-0.135025698,16,Lambeth
293,"Black Lion Gate, Kensington Gardens",307,51.50990837,-0.187842717,24,Kensington and Chelsea
294,"Long Lane , Bermondsey",308,51.49907558,-0.08566631599999999,20,Southwark
295,"Embankment (Savoy), Strand",309,51.50963123,-0.11904756300000001,41,Lambeth
296,"Black Prince Road, Vauxhall",310,51.4908679,-0.116911864,19,Lambeth
297,"Foley Street, Fitzrovia",311,51.51918144,-0.140485596,24,Westminster
298,"Grove End Road, St. John's Wood",312,51.53088935,-0.176770502,20,Camden
299,"Wells Street, Fitzrovia ",313,51.51734403,-0.138072691,37,Westminster
300,"Tyers Gate, Bermondsey",314,51.50088934,-0.083159352,36,Southwark
301,"The Tennis Courts, The Regent's Park",315,51.52536703,-0.153463612,16,Camden
302,"Dickens Square, Borough",317,51.49679128,-0.093913472,32,Southwark
303,"Sackville Street, Mayfair",318,51.51004801,-0.138846453,18,Westminster
304,"Baldwin Street, St. Luke's",319,51.52702563,-0.08854277099999999,21,City of London
305,"Queen Mother Sports Centre, Victoria",320,51.49357351,-0.139956043,26,Westminster
306,"Bermondsey Street, Bermondsey",321,51.49785559,-0.081608045,24,Southwark
307,"Palissy Street, Shoreditch",322,51.526293,-0.07395499999999999,26,City of London
308,"Clifton Street, Shoreditch",323,51.523196,-0.083067,24,City of London
309,"Ontario Street, Elephant & Castle",324,51.49652013,-0.10138406800000001,15,Southwark
310,"St. Martin's Street, West End",325,51.50908747,-0.129697889,18,Lambeth
311,"Graham Street, Angel",326,51.53266186,-0.099981142,26,Islington
312,"New North Road 1, Hoxton",327,51.53095,-0.085603,22,Islington
313,"New North Road 2, Hoxton",328,51.53114,-0.086016,22,Islington
314,"Prince Albert Road, The Regent's Park",329,51.53589283,-0.160854428,24,Camden
315,"Eastbourne Mews, Paddington",330,51.51641749,-0.17913507899999997,34,Kensington and Chelsea
316,"Bunhill Row, Moorgate",331,51.52085887,-0.089887855,30,City of London
317,"Nevern Place, Earl's Court",332,51.49334336,-0.19475794899999999,20,Kensington and Chelsea
318,"Palace Gardens Terrace, Notting Hill",333,51.50860544,-0.193764092,37,Kensington and Chelsea
319,"Concert Hall Approach 1, South Bank",334,51.505044,-0.115851,10,Lambeth
320,"Tavistock Street, Covent Garden",335,51.51196803,-0.12071875900000001,33,Lambeth
321,"Concert Hall Approach 2, South Bank",336,51.504942,-0.115533,18,Lambeth
322,"Pembridge Villas, Notting Hill",337,51.51108452,-0.19752494399999998,16,Kensington and Chelsea
323,"Wellington Street , Strand",338,51.51175646,-0.119643424,24,Lambeth
324,"Risinghill Street, Angel",339,51.5333196,-0.11178119999999998,25,Islington
325,"Bank of England Museum, Bank",340,51.51444134,-0.087587447,16,City of London
326,"Craven Street, Strand",341,51.50810309,-0.12602103,23,Lambeth
327,"London Zoo Car Park, The Regent's Park",343,51.53692216,-0.150181444,36,Camden
328,"Goswell Road (City Uni), Finsbury",344,51.528246,-0.10102611,17,Islington
329,"Flood Street, Chelsea",345,51.48802358,-0.166878535,33,Westminster
330,"Lower Marsh, Waterloo",347,51.50013942,-0.113936001,17,Lambeth
331,"Grosvenor Square, Mayfair",348,51.51217033,-0.150481272,17,Westminster
332,"St. George Street, Mayfair",349,51.511959999999995,-0.142783033,18,Westminster
333,"Queen's Gate, Kensington Gardens",350,51.5017154373867,-0.1798541843891,21,Kensington and Chelsea
334,"Macclesfield Rd, St Lukes",351,51.529423,-0.097122,28,Islington
335,"Vauxhall Street, Vauxhall",352,51.486965000000005,-0.116625,19,Lambeth
336,"Greycoat Street , Westminster",353,51.49459148,-0.134234258,17,Westminster
337,"Northumberland Avenue, Strand",354,51.506766999999996,-0.12370199999999999,37,Lambeth
338,"Oval Way, Vauxhall",355,51.486575,-0.11728599999999999,21,Lambeth
339,"South Kensington Station, South Kensington",356,51.494412,-0.173881,15,Kensington and Chelsea
340,"Howland Street, Fitzrovia",357,51.520994,-0.139016,30,Camden
341,"High Holborn , Covent Garden",358,51.516226,-0.12482599999999999,20,Lambeth
342,"Butler Place, Westminster",359,51.49782999,-0.135440826,18,Westminster
343,"Howick Place, Westminster",360,51.49675303,-0.138733562,27,Westminster
344,"Waterloo Station 2, Waterloo",361,51.50391973,-0.11342629,55,Lambeth
345,"Royal College Street, Camden Town",362,51.536264,-0.133952,57,Camden
346,"Lord's, St. John's Wood",363,51.5291212008901,-0.171185284853,24,Camden
347,"Alfred Place, Bloomsbury",364,51.519656,-0.132339,41,Lambeth
348,"City Road, Angel",365,51.530344,-0.100168,47,Islington
349,"Millennium Hotel, Mayfair",366,51.5109192966489,-0.1511263847351,27,Westminster
350,"Harrowby Street, Marylebone",367,51.5173721,-0.1642075,16,Westminster
351,"Harriet Street, Knightsbridge",368,51.50024195,-0.15934065,25,Westminster
352,"Paddington Green, Paddington",370,51.520205,-0.174593,20,Kensington and Chelsea
353,"King Edward Walk, Waterloo",371,51.49775,-0.10987999999999999,22,Lambeth
354,"Sardinia Street, Holborn",372,51.515208,-0.11786300000000001,24,Lambeth
355,"Prince Consort Road, Knightsbridge",373,51.49980661,-0.176415994,18,Kensington and Chelsea
356,"Waterloo Station 1, Waterloo",374,51.50402794,-0.11386436,36,Lambeth
357,"Kensington Town Hall, Kensington",375,51.50194596,-0.19439295199999998,18,Kensington and Chelsea
358,"Millbank Tower, Pimlico",376,51.49188409,-0.125674815,24,Westminster
359,"Waterloo Bridge, South Bank",377,51.50535447,-0.11365654300000001,15,Lambeth
360,"Natural History Museum, South Kensington",378,51.49559291,-0.17907762600000002,42,Kensington and Chelsea
361,"Turquoise Island, Notting Hill",379,51.51431171,-0.200838199,21,Kensington and Chelsea
362,"Stanhope Gate, Mayfair",380,51.50686435,-0.150666888,21,Westminster
363,"Charlotte Street, Fitzrovia",381,51.51953043,-0.13577731,14,Lambeth
364,"Farm Street, Mayfair",382,51.50935171,-0.14744969,15,Westminster
365,"Frith Street, Soho",383,51.51310333,-0.13121385,18,Lambeth
366,"Marloes Road, Kensington",384,51.496481,-0.192404,15,Kensington and Chelsea
367,"Moor Street, Soho",386,51.51352755,-0.130110822,16,Lambeth
368,"Fire Brigade Pier, Vauxhall",387,51.49369988,-0.12139410099999999,30,Lambeth
369,"Southampton Street, Strand",388,51.51070161,-0.121723604,14,Lambeth
370,"Upper Grosvenor Street, Mayfair",389,51.51013066,-0.155757901,18,Westminster
371,"Buxton Street 1, Shoreditch",390,51.521776,-0.068856,41,City of London
372,"Imperial College, Knightsbridge",392,51.49942855,-0.17970247600000003,21,Kensington and Chelsea
373,"Snow Hill, Farringdon",393,51.51733427,-0.10360424800000001,15,City of London
374,"Aberdeen Place, St. John's Wood",394,51.524826000000004,-0.176268,18,Camden
375,"Cadogan Gardens, Chelsea",395,51.492461999999996,-0.159919,15,Westminster
376,"Shouldham Street, Marylebone",396,51.51809,-0.163609,16,Westminster
377,"Devonshire Terrace, Bayswater",397,51.51348,-0.17977,16,Kensington and Chelsea
378,"Holland Park, Kensington",398,51.502319,-0.200742,30,Kensington and Chelsea
379,"Brick Lane Market, Shoreditch",399,51.52261762,-0.071653961,24,City of London
380,"George Street, Marylebone",400,51.517703000000004,-0.154106,26,Westminster
381,"Columbia Road, Shoreditch",401,51.528187,-0.075375,24,City of London
382,"Penfold Street, Marylebone",402,51.52289229,-0.171681991,15,Camden
383,"George Place Mews, Marylebone",403,51.51689296,-0.158249929,16,Westminster
384,"Palace Gate, Kensington Gardens",404,51.50204238,-0.184400221,13,Kensington and Chelsea
385,"Gloucester Road Station, South Kensington",405,51.49418566,-0.18267094,15,Kensington and Chelsea
386,"Paddington Green Police Station, Paddington",408,51.51994326,-0.17070433699999998,40,Kensington and Chelsea
387,"Strata, Elephant & Castle",409,51.493146,-0.099828,41,Southwark
388,"Edgware Road Station, Marylebone",410,51.519968,-0.169774,64,Kensington and Chelsea
389,"Walworth Road, Elephant & Castle",411,51.49337264,-0.09968067,33,Southwark
390,"Cleaver Street, Kennington",412,51.488105,-0.11012100000000001,17,Lambeth
391,"Chelsea Bridge, Pimlico",419,51.485821,-0.149004,15,Westminster
392,"Southwark Station 1, Southwark",420,51.504042999999996,-0.10531199999999999,37,Southwark
393,"Southwark Station 2, Southwark",421,51.504044,-0.104778,45,Southwark
394,"Eaton Square (South), Belgravia",423,51.49456127,-0.15393398,31,Westminster
395,"Ebury Bridge, Pimlico",424,51.490491,-0.14918599999999999,29,Westminster
396,"Harrington Square 2, Camden Town",425,51.533379,-0.139159,38,Camden
397,"Vincent Street, Pimlico",426,51.493072,-0.129925,17,Westminster
398,"Cheapside, Bank",427,51.51397065,-0.09294031,43,City of London
399,"Exhibition Road, Knightsbridge",428,51.499916999999996,-0.174554,20,Kensington and Chelsea
400,"South Parade, Chelsea",430,51.489020000000004,-0.17524,18,Kensington and Chelsea
401,"Crinan Street, King's Cross",431,51.534473999999996,-0.12220299999999999,20,Camden
402,"Exhibition Road Museums, South Kensington",432,51.496957,-0.173894,22,Kensington and Chelsea
403,"Wren Street, Holborn",433,51.524564,-0.116279,33,Islington
404,"Kennington Station, Kennington",435,51.488852,-0.105593,23,Southwark
405,"Red Lion Street, Holborn",436,51.518240000000006,-0.11655,35,City of London
406,"Vauxhall Walk, Vauxhall",437,51.488124,-0.120903,27,Lambeth
407,"Killick Street, King's Cross",439,51.5338,-0.118677,22,Islington
408,"Kennington Oval, Oval",440,51.483145,-0.113134,33,Lambeth
409,"Sail Street, Vauxhall",441,51.495656,-0.114605,24,Lambeth
410,"Walmer Road, Avondale",442,51.510101,-0.211358,24,Kensington and Chelsea
411,"Philpot Street, Whitechapel",443,51.515256,-0.058641,30,City of London
412,"Bethnal Green Garden, Bethnal Green",444,51.52568,-0.055312,24,Hackney
413,"Cheshire Street, Bethnal Green",445,51.52388,-0.065076,28,City of London
414,"York Hall, Bethnal Green",446,51.528936,-0.055894000000000006,27,Hackney
415,"Jubilee Crescent, Cubitt Town",447,51.493381,-0.007542,54,Tower Hamlets
416,"Fisherman's Walk West, Canary Wharf",448,51.50623,-0.022959999999999998,36,Tower Hamlets
417,"Shadwell Station, Shadwell",449,51.511088,-0.057159,35,City of London
418,"Jubilee Street, Stepney",450,51.515975,-0.053176999999999995,28,City of London
419,"Hermitage Court, Wapping",451,51.504719,-0.06353099999999999,16,City of London
420,"St. Katharine's Way, Tower",452,51.505697,-0.070542,24,City of London
421,"Garnet Street, Shadwell",453,51.508447,-0.055166999999999994,24,City of London
422,"Napier Avenue, Millwall",454,51.487679,-0.021582,20,Tower Hamlets
423,"East Ferry Road, Cubitt Town",455,51.49447,-0.014409,17,Tower Hamlets
424,"Parkway, Camden Town",456,51.538071,-0.14466400000000001,33,Camden
425,"Castlehaven Road, Camden Town",457,51.542138,-0.145393,29,Camden
426,"Wapping Lane, Wapping",458,51.504749,-0.057544000000000005,28,City of London
427,"Gunmakers Lane, Old Ford",459,51.535179,-0.03338,17,Hackney
428,"Burdett Road, Mile End",460,51.516196,-0.029138,33,Tower Hamlets
429,"Aston Street, Stepney",461,51.516000000000005,-0.038775,26,Tower Hamlets
430,"Bonny Street, Camden Town",462,51.541603,-0.138853,45,Camden
431,"Thurtle Road, Haggerston",463,51.534776,-0.071881,22,Hackney
432,"St. Mary & St. Michael Church, Stepney",464,51.51417,-0.052099,25,City of London
433,"Pitfield Street North,Hoxton",465,51.535579999999996,-0.08249,28,Islington
434,"Whiston Road, Haggerston",466,51.534464,-0.07634099999999999,21,Islington
435,"Southern Grove, Bow",467,51.523538,-0.030556,17,Hackney
436,"Cantrell Road, Bow",468,51.521564,-0.022694,24,Tower Hamlets
437,"Lindfield Street, Poplar",469,51.513757,-0.020467,44,Tower Hamlets
438,"Mostyn Grove, Bow",470,51.530535,-0.025491999999999997,46,Hackney
439,"Hewison Street, Old Ford",471,51.533283000000004,-0.028155,19,Hackney
440,"Malmesbury Road, Bow",472,51.529452,-0.027616,21,Hackney
441,"Millharbour, Millwall",473,51.496137,-0.019355,19,Tower Hamlets
442,"Castalia Square, Cubitt Town",474,51.498125,-0.011457,39,Tower Hamlets
443,"Lightermans Road, Millwall",475,51.499041,-0.020156999999999998,57,Tower Hamlets
444,"Stebondale Street, Cubitt Town",476,51.489096,-0.009205,29,Tower Hamlets
445,"Spindrift Avenue, Millwall",477,51.49109,-0.018716,36,Tower Hamlets
446,"Stepney Green Station, Stepney",478,51.521889,-0.046669999999999996,21,Hackney
447,"Pott Street, Bethnal Green",479,51.527152,-0.058004999999999994,20,Hackney
448,"Flamborough Street, Limehouse",480,51.5128711,-0.038986599999999996,25,Tower Hamlets
449,"Saunders Ness Road, Cubitt Town",481,51.487128999999996,-0.009001,35,Tower Hamlets
450,"Albert Gardens, Stepney",483,51.51328,-0.047784,33,City of London
451,"Bromley High Street, Bow",484,51.528828000000004,-0.013258,24,Newham
452,"Old Ford Road, Bethnal Green",485,51.531127000000005,-0.048017000000000004,24,Hackney
453,"Granby Street, Shoreditch",486,51.525645000000004,-0.069543,37,City of London
454,"Canton Street, Poplar",487,51.511811,-0.025626,23,Tower Hamlets
455,"Reardon Street, Wapping",488,51.506946,-0.058681,22,City of London
456,"Christian Street, Whitechapel",489,51.513073999999996,-0.06409400000000001,34,City of London
457,"Pennington Street, Wapping",490,51.508621999999995,-0.065006,45,City of London
458,"Queen Mary's, Mile End",491,51.522507,-0.041378,45,Hackney
459,"The Green Bridge, Mile End",492,51.524677000000004,-0.03562,63,Hackney
460,"South Quay East, Canary Wharf",494,51.50196,-0.016250999999999998,36,Tower Hamlets
461,"Bow Church Station, Bow",495,51.528169,-0.018703,39,Hackney
462,"Devons Road, Bow",496,51.52512,-0.015578,39,Hackney
463,"Merchant Street, Bow",497,51.526177000000004,-0.0274677,26,Hackney
464,"Bow Road Station, Bow",498,51.527058000000004,-0.025296000000000003,42,Hackney
465,"Furze Green, Bow",499,51.519265000000004,-0.021345,36,Tower Hamlets
466,"Ansell House, Stepney",500,51.519806,-0.055730999999999996,41,City of London
467,"Cephas Street, Bethnal Green",501,51.522560999999996,-0.054883,24,Hackney
468,"Cleveland Way, Stepney",503,51.520893,-0.051394,36,Hackney
469,"St. John's Park, Cubitt Town",504,51.496454,-0.009506,30,Tower Hamlets
470,"Ackroyd Drive, Bow",505,51.520398,-0.026768,29,Tower Hamlets
471,"Bell Lane, Liverpool Street",506,51.517475,-0.07585499999999999,23,City of London
472,"Clarkson Street, Bethnal Green",507,51.528692,-0.059091,31,Hackney
473,"Fournier Street, Whitechapel",508,51.519362,-0.074431,18,City of London
474,"Fore Street, Guildhall",509,51.517842,-0.090075,19,City of London
475,"Westferry DLR, Limehouse",510,51.509303,-0.025996,41,Tower Hamlets
476,"Sutton Street, Shadwell",511,51.511066,-0.053558,33,City of London
477,"Pritchard's Road, Bethnal Green",512,51.532090999999994,-0.06142,30,Hackney
478,"Watney Market, Stepney",513,51.51422279999999,-0.055656,51,City of London
479,"Russell Gardens, Olympia",515,51.500088,-0.21131599999999998,24,Kensington and Chelsea
480,"Chrisp Street Market, Poplar",516,51.5112,-0.014438,18,Tower Hamlets
481,"Ford Road, Old Ford",517,51.532513,-0.033085,17,Hackney
482,"Antill Road, Mile End",518,51.528224,-0.037471,30,Hackney
483,"Teviot Street, Poplar",519,51.518811,-0.011662,33,Tower Hamlets
484,"Bancroft Road, Bethnal Green",520,51.526041,-0.047218,21,Hackney
485,"Driffield Road, Old Ford",521,51.534137,-0.037366,19,Hackney
486,"Clinton Road, Mile End",522,51.525940999999996,-0.036017,36,Hackney
487,"Langdon Park, Poplar",523,51.51549,-0.013475,24,Tower Hamlets
488,"Lancaster Gate , Bayswater",524,51.511654,-0.179668,38,Kensington and Chelsea
489,"Lancaster Drive, Blackwall",526,51.503143,-0.008428,27,Tower Hamlets
490,"Hansard Mews, Holland Park",527,51.503802,-0.215808,20,Kensington and Chelsea
491,"Clarges Street, Mayfair",528,51.507326,-0.14582699999999998,16,Westminster
492,"Manresa Road, Chelsea",529,51.486892,-0.170983,18,Kensington and Chelsea
493,"Newby Place, Poplar",530,51.508896,-0.012412999999999999,18,Tower Hamlets
494,"Twig Folly Bridge, Mile End",531,51.530326,-0.042744,21,Hackney
495,"Jubilee Plaza, Canary Wharf",532,51.50357,-0.020068,63,Tower Hamlets
496,"Wellington Row, Bethnal Green",533,51.528222,-0.069743,33,City of London
497,"Goldsmith's Row, Haggerston",534,51.531864,-0.066035,27,Hackney
498,"Gloucester Avenue, Camden Town",535,51.537349,-0.147154,24,Camden
499,"Queensbridge Road, Haggerston",536,51.53385,-0.06992000000000001,35,Hackney
500,"Old Montague Street, Whitechapel",537,51.51793,-0.067937,18,City of London
501,"Naval Row, Blackwall",538,51.508981,-0.0069900000000000006,21,Tower Hamlets
502,"Hoxton Station, Hoxton",539,51.531090999999996,-0.075901,22,Islington
503,"Albany Street, The Regent's Park",540,51.528302000000004,-0.144466,27,Camden
504,"Green Park Station, Mayfair",541,51.506613,-0.142844,28,Westminster
505,"Salmon Lane, Limehouse",542,51.514115000000004,-0.033828,33,Tower Hamlets
506,"Lansdowne Walk, Ladbroke Grove",543,51.509591,-0.20466600000000001,21,Kensington and Chelsea
507,"Percival Street, Finsbury",544,51.526153,-0.10220800000000001,22,City of London
508,"Arlington Road, Camden Town",545,51.539957,-0.14524600000000001,24,Camden
509,"New Fetter Lane, Holborn",546,51.517428,-0.10798699999999999,21,City of London
510,"East India DLR, Blackwall",547,51.509474,-0.002275,51,Tower Hamlets
511,"Westminster Bridge Road, Elephant & Castle",548,51.498385999999996,-0.10791300000000001,26,Southwark
512,"Gaywood  Street, Elephant & Castle",549,51.49605,-0.10419300000000001,45,Southwark
513,"Harford Street, Mile End",550,51.521564,-0.039264,23,Hackney
514,"Import Dock, Canary Wharf",551,51.505772,-0.016460175,39,Tower Hamlets
515,"Watney Street, Shadwell",552,51.511542,-0.056666999999999995,27,City of London
516,"Regent's Row , Haggerston ",553,51.535678000000004,-0.062546,24,Hackney
517,"Aberfeldy Street, Poplar",554,51.513548,-0.005659,16,Tower Hamlets
518,"Heron Quays DLR, Canary Wharf",556,51.502660999999996,-0.021596,27,Tower Hamlets
519,"King Edward Street, St Pauls",557,51.516009999999994,-0.0985,20,City of London
520,"Page Street, Westminster",558,51.493978000000006,-0.127554,24,Westminster
521,"Abbotsbury Road, Holland Park",559,51.501391,-0.20599099999999998,24,Kensington and Chelsea
522,"Ladbroke Grove Central, Ladbroke Grove",560,51.511624,-0.205921,21,Kensington and Chelsea
523,"Rectory Square, Stepney",561,51.518369,-0.043371,22,Hackney
524,"Bury Place, Holborn",562,51.51746,-0.12335,21,Lambeth
525,"Preston's Road, Cubitt Town",563,51.499286,-0.009152,26,Tower Hamlets
526,"Somerset House, Strand",564,51.509943,-0.117619,41,Lambeth
527,"Selby Street, Whitechapel",565,51.521905,-0.063386,17,City of London
528,"Westfield Ariel Way, White City",566,51.509158,-0.22410300000000002,42,Hammersmith and Fulham
529,"Bishop's Bridge Road West, Bayswater",568,51.51616,-0.18697,18,Kensington and Chelsea
530,"Pitfield Street Central, Hoxton",569,51.53213,-0.08299,30,Islington
531,"Upper Bank Street, Canary Wharf",570,51.503083000000004,-0.017676,36,Tower Hamlets
532,"Westfield Southern Terrace ,Shepherd's Bush",571,51.506256,-0.21833699999999998,29,Kensington and Chelsea
533,"Greenland Road, Camden Town",572,51.539099,-0.141728,36,Camden
534,"Limerston Street, West Chelsea",573,51.485587,-0.18119000000000002,18,Kensington and Chelsea
535,"Eagle Wharf Road, Hoxton",574,51.533559999999994,-0.09315,45,Islington
536,"Alpha Grove, Millwall",576,51.497304,-0.022793,22,Tower Hamlets
537,"Globe Town Market, Bethnal Green",577,51.528869,-0.047548,20,Hackney
538,"Hollybush Gardens, Bethnal Green",578,51.527607,-0.057133,32,Hackney
539,"Queen Street 2, Bank",579,51.511246,-0.093051,36,City of London
540,"Doddington Grove, Kennington",580,51.48692917,-0.102996299,36,Southwark
541,"New Cavendish Street, Marylebone",581,51.519166999999996,-0.147983,18,Westminster
542,"Abingdon Green, Westminster",583,51.497622,-0.125978,20,Lambeth
543,"Ilchester Gardens, Bayswater",584,51.512440000000005,-0.19096,21,Kensington and Chelsea
544,"Mudchute DLR, Cubitt Town",586,51.490645,-0.014582,31,Tower Hamlets
545,"Monument Street, Monument",587,51.509640000000005,-0.08497,22,City of London
546,"Hoxton Street, Hoxton",588,51.52959,-0.0801,27,Islington
547,"Drayton Gardens, West Chelsea",589,51.487196000000004,-0.179369,18,Kensington and Chelsea
548,"Greenberry Street, St.John's Wood",590,51.53256,-0.16862,26,Camden
549,"Westfield Library Corner, Shepherd's Bush",591,51.506093,-0.2242237,27,Hammersmith and Fulham
550,"Bishop's Bridge Road East, Bayswater",592,51.5171,-0.18377000000000002,20,Kensington and Chelsea
551,"Northdown Street, King's Cross",593,51.531065999999996,-0.11934000000000002,21,Islington
552,"Kingsway Southbound, Strand",594,51.513875,-0.117774,33,Lambeth
553,"Hammersmith Road, Hammersmith",595,51.493266999999996,-0.21985,22,Hammersmith and Fulham
554,"Parson's Green , Parson's Green",596,51.472817,-0.199783,21,Wandsworth
555,"Fulham Park Road, Fulham",597,51.473471,-0.20781999999999998,27,Wandsworth
556,"Southerton Road, Hammersmith",598,51.494499,-0.228188,38,Hammersmith and Fulham
557,"Manbre Road, Hammersmith",599,51.485743,-0.22361599999999998,28,Hammersmith and Fulham
558,"South Lambeth Road, Vauxhall",600,51.481747,-0.124642,21,Westminster
559,"BBC White City, White City",601,51.514767,-0.225787,36,Hammersmith and Fulham
560,"Union Grove, Wandsworth Road",602,51.472993,-0.133972,45,Westminster
561,"Caldwell Street, Stockwell",603,51.477839,-0.11649300000000001,44,Westminster
562,"St Martins Close, Camden Town",604,51.538792,-0.138535,18,Camden
563,"Seymour Place, Marylebone",605,51.520331,-0.163667,29,Camden
564,"Addison Road, Holland Park",606,51.504199,-0.210941,26,Kensington and Chelsea
565,"Putney Bridge Station, Fulham",607,51.468814,-0.210279,21,Wandsworth
566,"Colet Gardens, Hammersmith",608,51.491093,-0.216493,30,Hammersmith and Fulham
567,"Sugden Road, Clapham",609,51.46512358,-0.157788279,19,Wandsworth
568,"Danvers Street, West Chelsea",610,51.48256792,-0.172078187,21,Kensington and Chelsea
569,"Princedale Road , Holland Park",611,51.50646524,-0.208486599,20,Kensington and Chelsea
570,"Wandsworth Rd, Isley Court, Wandsworth Road",612,51.46925984,-0.141812513,30,Westminster
571,"Woodstock Grove, Shepherd's Bush",613,51.50403821,-0.21740009300000002,24,Kensington and Chelsea
572,"Bradmead, Battersea Park",614,51.47817208,-0.144690541,40,Westminster
573,"Finlay Street, Fulham",615,51.476885100000004,-0.21589560100000002,24,Hammersmith and Fulham
574,"Aintree Street, Fulham",616,51.48102131,-0.20997349699999998,24,Hammersmith and Fulham
575,"Elysium Place, Fulham",617,51.47107905,-0.20784290800000002,21,Wandsworth
576,"Eel Brook Common, Walham Green",618,51.47625965,-0.193254007,24,Wandsworth
577,"Irene Road, Parsons Green",619,51.4737636,-0.19701009600000002,43,Wandsworth
578,"Surrey Lane, Battersea",620,51.47518024,-0.167160736,28,Wandsworth
579,"Wandsworth Town Station, Wandsworth",621,51.46086446,-0.187427294,33,Wandsworth
580,"Lansdowne Road, Ladbroke Grove",622,51.50748124,-0.20553590800000002,29,Kensington and Chelsea
581,"Nantes Close, Wandsworth",623,51.46193072,-0.18079178399999998,22,Wandsworth
582,"Courland Grove, Wandsworth Road",624,51.4729184,-0.13210270400000002,40,Westminster
583,"Queen's Circus, Battersea Park",625,51.47761941,-0.149551631,28,Westminster
584,"Normand Park, West Kensington",626,51.48438657,-0.20481514,24,Hammersmith and Fulham
585,"Holden Street, Battersea",627,51.468790500000004,-0.158230901,20,Wandsworth
586,"William Morris Way, Sands End",628,51.46881971,-0.184318843,26,Wandsworth
587,"Morie Street, Wandsworth",629,51.45995384,-0.190184054,28,Wandsworth
588,"Clarence Walk, Stockwell",630,51.47073264,-0.12699406800000002,28,Westminster
589,"Battersea Park Road, Nine Elms",631,51.47950170000001,-0.141770709,27,Westminster
590,"Sheepcote Lane, Battersea",632,51.47053858,-0.163041605,28,Wandsworth
591,"Vereker Road, West Kensington",633,51.48959104,-0.20937859399999997,32,Hammersmith and Fulham
592,"Brook Green South, Brook Green",634,51.49434708,-0.21580455899999998,33,Hammersmith and Fulham
593,"Greyhound Road, Hammersmith",635,51.48606206,-0.214428378,37,Hammersmith and Fulham
594,"South Park, Sands End",636,51.46706414,-0.19350207600000002,28,Wandsworth
595,"Spencer Park, Wandsworth Common",637,51.45787019,-0.17469162300000002,25,Wandsworth
596,"Falcon Road, Clapham Junction",638,51.46663393,-0.169821175,28,Wandsworth
597,"Coomer Place, West Kensington",639,51.48357068,-0.202038682,27,Kensington and Chelsea
598,"Silverthorne Road, Battersea",640,51.47286577,-0.148059277,28,Westminster
599,"Archbishop's Park, Waterloo",641,51.49824168,-0.117495865,23,Lambeth
600,"Fawcett Close, Battersea",642,51.46916161,-0.174485792,36,Wandsworth
601,"All Saints' Road, Portobello",643,51.5190427,-0.204764421,22,Kensington and Chelsea
602,"Rainville Road, Hammersmith",644,51.48373225,-0.22385225600000003,36,Hammersmith and Fulham
603,"Great Suffolk Street, The Borough",645,51.50173215,-0.100292412,21,Southwark
604,"Buckingham Gate, Westminster",646,51.49886563,-0.137424571,16,Westminster
605,"Richmond Way, Shepherd's Bush",647,51.50035306,-0.217515071,27,Hammersmith and Fulham
606,"Peterborough Road, Sands End",648,51.46904022,-0.19627483,30,Wandsworth
607,"World's End Place, West Chelsea",649,51.48180515,-0.18027465,22,Kensington and Chelsea
608,"St. Mark's Road, North Kensington",650,51.51687069,-0.21387239600000002,23,Kensington and Chelsea
609,"Thorndike Close, West Chelsea",651,51.48089844,-0.18385357300000002,25,Kensington and Chelsea
610,"Evesham Street, Avondale",652,51.51148696,-0.218190203,29,Kensington and Chelsea
611,"Simpson Street, Clapham Junction",653,51.47084722,-0.17070367,25,Wandsworth
612,"Ashmole Estate, Oval",654,51.48267821,-0.117661574,34,Lambeth
613,"Crabtree Lane, Fulham",655,51.48294452,-0.219346128,27,Hammersmith and Fulham
614,"Broomhouse Lane, Parsons Green",656,51.46841875,-0.199135704,29,Wandsworth
615,"Blythe Road West, Shepherd's Bush",657,51.499680600000005,-0.221791552,21,Hammersmith and Fulham
616,"Ethelburga Estate, Battersea Park",658,51.47729232,-0.16478637,30,Westminster
617,"West Kensington Station, West Kensington",660,51.49087074,-0.20602974300000002,22,Kensington and Chelsea
618,"All Saints Church, Portobello",661,51.51632095,-0.202608612,37,Kensington and Chelsea
619,"Phene Street, Chelsea",662,51.48498496,-0.16791986899999997,24,Westminster
620,"Clarendon Road, Avondale",663,51.51323001,-0.211593602,24,Kensington and Chelsea
621,"Austin Road, Battersea Park",664,51.474376,-0.155442787,24,Westminster
622,"Smugglers Way, Wandsworth",665,51.46108367,-0.191722864,28,Wandsworth
623,"Olympia Way, Olympia",666,51.49610093,-0.20815825899999998,38,Kensington and Chelsea
624,"Shepherd's Bush Road North, Shepherd's Bush",667,51.5015946,-0.222293381,34,Hammersmith and Fulham
625,"Ravenscourt Park Station, Hammersmith",668,51.49422354,-0.23676993600000001,26,Hammersmith and Fulham
626,"Teversham Lane, Stockwell",669,51.47614939,-0.12325850000000001,39,Westminster
627,"Ashley Crescent, Battersea",670,51.46718562,-0.152248582,28,Wandsworth
628,"Parsons Green Station, Parsons Green",671,51.475089000000004,-0.201968,56,Wandsworth
629,"Hibbert Street, Battersea",673,51.46517078,-0.18038939,36,Wandsworth
630,"Carnegie Street, King's Cross",674,51.53546778,-0.11619105,40,Islington
631,"Usk Road, Clapham Junction",675,51.46348914,-0.18212624800000002,30,Wandsworth
632,"Hartington Road, Stockwell",676,51.47787084,-0.126874471,35,Westminster
633,"Heath Road, Battersea",677,51.46866929,-0.146544642,27,Westminster
634,"Esmond Street, Putney",678,51.46231278,-0.211468596,30,Wandsworth
635,"Orbel Street, Battersea",679,51.47453545,-0.170210533,26,Wandsworth
636,"Westbridge Road, Battersea",680,51.47768469,-0.17032931699999998,28,Wandsworth
637,"Bishop's Avenue, Fulham",681,51.47303687,-0.21474980800000001,46,Hammersmith and Fulham
638,"Crisp Road, Hammersmith",682,51.48810829,-0.22660621,46,Hammersmith and Fulham
639,"Dorothy Road, Clapham Junction",683,51.46506424,-0.163750945,28,Wandsworth
640,"Neville Gill Close, Wandsworth",684,51.45475251,-0.195197203,32,Wandsworth
641,"Osiers Road, Wandsworth",685,51.46067005,-0.198735357,30,Wandsworth
642,"Beryl Road, Hammersmith",686,51.48814438,-0.22245646800000002,26,Hammersmith and Fulham
643,"Maclise Road, Olympia",687,51.49760804,-0.21145598,26,Kensington and Chelsea
644,"Northfields, Wandsworth",688,51.46095151,-0.20066766,28,Wandsworth
645,"Spanish Road, Clapham Junction",689,51.45922541,-0.18088495899999998,30,Wandsworth
646,"Stanley Grove, Battersea",690,51.47047503,-0.152130083,23,Westminster
647,"Erin Close, Walham Green",691,51.47946386,-0.195777222,24,Kensington and Chelsea
648,"Cadogan Close, Victoria Park",692,51.54211855,-0.028941601,22,Hackney
649,"Felsham Road, Putney",693,51.464786,-0.215618902,18,Wandsworth
650,"Putney Rail Station, Putney",694,51.46071722,-0.216526155,20,Wandsworth
651,"Islington Green, Angel",695,51.53638435,-0.102757578,21,Islington
652,"Charing Cross Hospital, Hammersmith",696,51.48728535,-0.217995921,21,Hammersmith and Fulham
653,"Charlotte Terrace, Angel",697,51.53639219,-0.112721065,25,Islington
654,"Shoreditch Court, Haggerston",698,51.53908372,-0.070329419,35,Hackney
655,"Belford House, Haggerston",699,51.5366541,-0.07023031,39,Hackney
656,"Battersea Church Road, Battersea",700,51.47696496,-0.17434706600000002,25,Wandsworth
657,"Vicarage Crescent, Battersea",701,51.47287627,-0.176267008,30,Wandsworth
658,"Durant Street, Bethnal Green",702,51.52868155,-0.065550321,24,Hackney
659,"St. Bride Street, Holborn",703,51.51505991,-0.10534448,25,City of London
660,"Mexfield Road, East Putney",704,51.45682071,-0.20280209800000001,18,Wandsworth
661,"Snowsfields, London Bridge",706,51.50215353,-0.083632928,31,Southwark
662,"Barons Court Station, West Kensington",707,51.49021762,-0.21508709199999998,32,Hammersmith and Fulham
663,"Disraeli Road, Putney",708,51.46161068,-0.21614583,33,Wandsworth
664,"Montserrat Road , Putney",709,51.46321128,-0.215550761,23,Wandsworth
665,"Albert Bridge Road, Battersea Park",710,51.47439218,-0.163347594,20,Wandsworth
666,"Everington Street, Fulham",711,51.48335692,-0.21630554600000002,31,Hammersmith and Fulham
667,"Mile End Stadium, Mile End",712,51.51854104,-0.034903714,22,Hackney
668,"Hawley Crescent, Camden Town",713,51.54100708,-0.14326094,22,Camden
669,"Stewart's Road, Wandsworth Road",714,51.47311696,-0.137235175,28,Westminster
670,"Aylward Street, Stepney",715,51.51563007,-0.049067242999999997,22,City of London
671,"Stainsby Road , Poplar",716,51.51542791,-0.02356501,24,Tower Hamlets
672,"Dunston Road , Haggerston",717,51.53658514,-0.075885686,43,Islington
673,"Ada Street, Hackney Central",718,51.53571683,-0.060291813,45,Hackney
674,"Victoria Park Road, Hackney Central",719,51.53642464,-0.054162264,34,Hackney
675,"Star Road, West Kensington",720,51.48724429,-0.205279052,23,Kensington and Chelsea
676,"Wendon Street, Old Ford",721,51.53603947,-0.026262677,18,Hackney
677,"Finnis Street, Bethnal Green",722,51.52458353,-0.058631453,19,Hackney
678,"Stephendale Road, Sands End",723,51.46822047,-0.190346493,48,Wandsworth
679,"Alma Road, Wandsworth",724,51.45799126,-0.184806157,28,Wandsworth
680,"Alfreda Street, Battersea Park",726,51.47505096,-0.15090837099999999,22,Westminster
681,"Chesilton Road, Fulham",727,51.47569809,-0.20587627,23,Hammersmith and Fulham
682,"Putney Bridge Road, East Putney",728,51.46199911,-0.206240805,29,Wandsworth
683,"St. Peter's Terrace, Fulham",729,51.47893931,-0.20848529300000002,24,Hammersmith and Fulham
684,"Bridge Avenue, Hammersmith",730,51.49208492,-0.229116862,18,Hammersmith and Fulham
685,"Michael Road, Walham Green",731,51.47727637,-0.18921046600000002,37,Wandsworth
686,"Duke Street Hill, London Bridge",732,51.50630441,-0.087262995,21,City of London
687,"Park Lane, Mayfair",733,51.50542628,-0.150817316,18,Westminster
688,"Plough Terrace, Clapham Junction",734,51.46230566,-0.175407201,31,Wandsworth
689,"Grant Road East, Clapham Junction",735,51.46489445,-0.17302926,28,Wandsworth
690,"Queensdale Road, Shepherd's Bush",736,51.50659035,-0.216104479,28,Kensington and Chelsea
691,"Fulham Broadway, Walham Green",737,51.47993289,-0.19411695,26,Kensington and Chelsea
692,"Imperial Road, Sands End",738,51.47514228,-0.18727898699999998,37,Wandsworth
693,"Hortensia Road, West Brompton",739,51.48176572,-0.185273723,28,Kensington and Chelsea
694,"Sirdar Road, Avondale",740,51.51092871,-0.214594781,26,Kensington and Chelsea
695,"Freston Road, Avondale",741,51.5129814,-0.219486603,23,Kensington and Chelsea
696,"Blenheim Crescent, Ladbroke Grove",742,51.51510818,-0.208565479,22,Kensington and Chelsea
697,"Oxford Road, Putney",743,51.46079243,-0.212607684,29,Wandsworth
698,"Ingrave Street, Clapham Junction",744,51.46745485,-0.172293499,30,Wandsworth
699,"Upcerne Road, West Chelsea",745,51.47816972,-0.18243547,29,Wandsworth
700,"Lots Road, West Chelsea",746,51.4795738,-0.17903854,24,Kensington and Chelsea
701,"Ormonde Gate, Chelsea",747,51.48796408,-0.161765173,24,Westminster
702,"Hertford Road, De Beauvoir Town",748,51.53727795,-0.079201849,25,Islington
703,"Haggerston Road, Haggerston ",749,51.53932857,-0.074284675,37,Islington
704,"Culvert Road, Battersea",750,51.4710956,-0.157850096,27,Wandsworth
705,"Newton Street, Covent Garden",751,51.51612862,-0.12090940800000001,24,Lambeth
706,"Manfred Road, East Putney",752,51.45816465,-0.20600248,29,Wandsworth
707,"Hammersmith Town Hall, Hammersmith",753,51.49263658,-0.234094148,28,Hammersmith and Fulham
708,"Grenfell Road, Avondale",754,51.5129006,-0.214762686,24,Kensington and Chelsea
709,"The Vale, Chelsea",755,51.48512191,-0.17497190199999998,24,Kensington and Chelsea
710,"Prince of Wales Drive, Battersea Park",756,51.47515398,-0.159169801,21,Westminster
711,"Harcourt Terrace, West Brompton",757,51.48795853,-0.18740450600000003,24,Kensington and Chelsea
712,"Westbourne Park Road, Portobello",758,51.51787005,-0.201005397,23,Kensington and Chelsea
713,"Broadley Terrace, Marylebone",759,51.52456169,-0.165668686,18,Camden
714,"Rossmore Road, Marylebone",760,51.52526975,-0.163795009,18,Camden
715,"Humbolt Road, Fulham",761,51.48321729,-0.211860644,26,Hammersmith and Fulham
716,"Storey's Gate, Westminster",762,51.50070305,-0.129698963,21,Westminster
717,"Mile End Park Leisure Centre, Mile End",763,51.52059714,-0.032566532999999995,47,Hackney
718,"St. John's Road, Clapham Junction",764,51.46239255,-0.16829214,33,Wandsworth
719,"Ranelagh Gardens, Fulham",765,51.46760141,-0.20682737,39,Wandsworth
720,"Ram Street, Wandsworth",766,51.45752945,-0.192165613,25,Wandsworth
721,"Santos Road, Wandsworth",767,51.45705988,-0.200806304,30,Wandsworth
722,"Clapham Common North Side, Clapham Common",768,51.46134382,-0.159322467,37,Wandsworth
723,"Sandilands Road, Walham Green",769,51.473611,-0.191803,21,Wandsworth
724,"Gwendwr Road, West Kensington",770,51.491026,-0.209121,30,Hammersmith and Fulham
725,"Rifle Place, Avondale",771,51.509223999999996,-0.21601599999999999,21,Kensington and Chelsea
726,"Binfield Road, Stockwell",772,51.47250956,-0.122831913,35,Westminster
727,"Tallis Street, Temple",773,51.511891,-0.107349,24,Southwark
728,"Hurlingham Park, Parsons Green",774,51.470131,-0.20464000000000002,20,Wandsworth
729,"Little Brook Green, Brook Green",775,51.496664,-0.22386799999999998,33,Hammersmith and Fulham
730,"Abyssinia Close, Clapham Junction",776,51.460333,-0.16702899999999998,20,Wandsworth
731,"Limburg Road, Clapham Junction",777,51.4619230679,-0.16529785669299998,21,Wandsworth
732,"Houndsditch, Aldgate",779,51.514449,-0.07717897900000001,28,City of London
733,"Imperial Wharf Station, Sands End",780,51.474665,-0.18316517,25,Wandsworth
734,"Victoria & Albert Museum, South Kensington",781,51.495898,-0.173009,30,Kensington and Chelsea
735,"Halford Road, West Kensington",782,51.483911,-0.19760944,24,Kensington and Chelsea
736,"Monier Road, Hackney Wick",783,51.5403115,-0.021630359,27,Hackney
737,"East Village, Queen Elizabeth Olympic Park",784,51.546326,-0.00993526,34,Hackney
738,"Aquatic Centre, Queen Elizabeth Olympic Park",785,51.54094,-0.010510565,64,Hackney
739,"Lee Valley VeloPark, Queen Elizabeth Olympic Park",786,51.549369,-0.015717613999999998,44,Hackney
740,"Timber Lodge, Queen Elizabeth Olympic Park",787,51.546805,-0.01469126,35,Hackney
741,"Copper Box Arena, Queen Elizabeth Olympic Park",788,51.544836,-0.019524752,33,Hackney
742,"Podium, Queen Elizabeth Olympic Park",789,51.538717999999996,-0.011889482,40,Hackney
743,"Stratford Station, Stratford",790,51.541793,-0.00481,28,Newham
744,"Blackfriars Road, Southwark",792,51.505461,-0.10454093,42,Southwark
745,"Cromer Street, Bloomsbury",793,51.528279,-0.11955857,28,Islington
746,"Lansdowne Way Bus Garage, Stockwell",794,51.474567,-0.12458,19,Westminster
747,"Euston Square Gardens, Euston",795,51.527068,-0.13186102,30,Camden
748,"Coram Street, Bloomsbury",796,51.523999999999994,-0.12640984,29,Camden
749,"Ossulston Street, Somers Town",797,51.5293,-0.12827903,30,Camden
750,"Birkenhead Street, King's Cross",798,51.5301998755,-0.122299440803,27,Camden
751,"Kings Gate House, Westminster",799,51.4976984561,-0.137598896295,24,Westminster
752,"Sopwith Way, Battersea Park",800,51.4811219398,-0.149035374873,30,Westminster
753,"Lavington Street, Bankside",801,51.5052241745,-0.0980318118664,29,Southwark
754,"Albert Square, Stockwell",802,51.4765900593,-0.118256789081,32,Westminster
755,"Southwark Street, Bankside",803,51.5054099403,-0.0983410884509,23,Southwark
756,"Good's Way, King's Cross",804,51.5346677396,-0.125078652873,27,Camden
757,"Bevington Road, North Kensington",805,51.5200694188,-0.206338384307,27,Kensington and Chelsea
758,"Handyside Street, King's Cross",806,51.53724056229999,-0.124807385707,27,Camden
759,"Bevington Road West, North Kensington",807,51.5212,-0.20888818,24,Kensington and Chelsea
760,"Stockwell Roundabout, Stockwell",808,51.473486209200004,-0.122555629777,33,Westminster
761,"Lincoln's Inn Fields, Holborn",809,51.5162778834,-0.11827299163499999,28,Lambeth
762,"Tate Modern, Bankside",810,51.506725286800005,-0.09880724616270001,30,Southwark
763,"Westferry Circus, Canary Wharf",811,51.505703035699995,-0.0277727426235,36,Tower Hamlets
764,"Here East North, Queen Elizabeth Olympic Park",812,51.548731191499996,-0.0226065549321,28,Hackney
765,"New Spring Gardens Walk, Vauxhall",813,51.48780744850001,-0.122759625866,37,Westminster
766,"Clapham Road, Lingham Street, Stockwell",814,51.471433067700005,-0.123670735702,30,Westminster
767,"Lambeth Palace Road, Waterloo",815,51.500089197799994,-0.116628700672,35,Lambeth
768,"Here East South, Queen Elizabeth Olympic Park",816,51.546532793500006,-0.020597590464700003,28,Hackney
769,"Riverlight South, Nine Elms",817,51.4813354746,-0.138212295869,26,Westminster
770,"One Tower Bridge, Bermondsey",818,51.503127803000005,-0.078655507365,13,City of London
771,"Belvedere Road 2, South Bank",819,51.506209999999996,-0.11484200000000001,38,Lambeth
772,"Victory Place, Walworth",820,51.492807,-0.091938,24,Southwark
773,"Battersea Power Station, Battersea Park",821,51.4835074867,-0.147714557371,27,Westminster
774,"Allington Street, Victoria",826,51.496863,-0.1429434,28,Westminster
775,"Cranmer Road, Stockwell",827,51.479601,-0.11147178,24,Lambeth
776,"Normandy Road, Stockwell",828,51.473874,-0.11258096,32,Lambeth
777,"Wynne Road, Stockwell",829,51.469217,-0.11268674,25,Westminster
778,"Sidney Road, Stockwell",830,51.469202,-0.11902256,27,Westminster
779,"St John's Crescent, Brixton",831,51.466232,-0.11317995,25,Westminster
780,"Ferndale Road, Brixton. ",832,51.464019,-0.11578197,30,Westminster
781,"Saltoun Road, Brixton",833,51.460232,-0.11537509,42,Westminster
782,"Farringdon Street, Holborn",835,51.516785,-0.10494775,25,City of London
783,"York Way, Kings Cross",836,51.541596000000006,-0.12544145,24,Camden
784,"Fore Street Avenue, Guildhall",838,51.518093,-0.09140169999999999,25,City of London
785,"Sea Containers, South Bank",839,51.508033000000005,-0.10682363,30,Southwark
